"team","birth_date","age","player_id","position","full_name"
"NULL","1995-02-12","26","6462","TE","Ellis Richardson"
"NULL","1997-02-06","24","7926","TE","Carl Tucker"
"TB","1992-02-18","29","1408","RB","Le'Veon Bell"
"NULL","1997-05-02","24","8074","TE","Matt Seybert"
"NULL","2000-07-27","24","13175","QB","Kinkead Dent"
"NULL","1992-01-29","26","2881","WR","Tyler Slavin"
"NULL","1990-01-25","30","1284","RB","Lance Dunbar"
"NULL","1991-10-16","30","2801","WR","DeAndrew White"
"NULL","1989-10-19","27","1073","TE","Taylor Thompson"
"NULL","1997-10-14","24","7918","RB","A.J. Rose"
"NULL","1993-12-03","28","5428","WR","Ricky Jeune"
"NULL","2000-08-04","24","13221","QB","Brett Gabbert"
"NULL","1999-04-07","24","11522","WR","Jerome Kapp"
"NULL","1993-02-17","29","2474","TE","Nick Boyle"
"NULL","1999-10-18","25","8809","RB","Aaron Shampklin"
"JAX","2002-03-21","23","9487","WR","Parker Washington"
"NULL","1992-12-06","27","1907","QB","Johnny Manziel"
"NULL","1992-10-30","32","3342","WR","Jakeem Grant"
"NULL","1990-01-08","32","1684","WR","Jaron Brown"
"IND","1998-12-30","26","6918","RB","Salvon Ahmed"
"NULL","1995-07-01","29","6137","TE","Tommy Sweeney"
"NULL","1993-02-24","28","3561","TE","Bryce Williams"
"NULL","1989-07-26","29","832","WR","Ryan Whalen"
"DAL","1999-04-08","26","6786","WR","CeeDee Lamb"
"WAS","1996-03-04","29","5038","WR","Michael Gallup"
"TB","2002-08-19","22","11584","RB","Bucky Irving"
"NULL","1989-01-13","32","1195","RB","Doug Martin"
"NULL","1993-01-05","29","2023","WR","De'Anthony Thomas"
"CIN","2002-02-10","23","11649","RB","Kendall Milton"
"CLE","1999-04-24","26","6783","WR","Jerry Jeudy"
"NULL","1985-01-25","35","221","TE","Brent Celek"
"NULL","1987-07-16","30","387","RB","Knowshon Moreno"
"NULL","NULL","NULL","8432","TE","Player Invalid"
"SF","2001-02-04","24","11616","WR","Jacob Cowing"
"CHI","1996-10-12","28","5965","WR","Miles Boykin"
"NULL","1991-01-14","26","2125","WR","Andrew Peacock"
"JAX","2002-10-16","22","13064","WR","Dorian Singer"
"NO","1995-10-23","29","4992","WR","Dante Pettis"
"NULL","1993-10-12","28","3620","WR","Bralon Addison"
"NULL","2001-02-15","22","11155","TE","Christian Sims"
"NE","2002-05-07","23","9504","WR","Kayshon Boutte"
"NULL","1995-09-14","26","4828","WR","Rashard Davis"
"NULL","1991-08-09","29","1914","RB","Dri Archer"
"NULL","1994-12-02","27","4396","WR","Drew Morgan"
"NULL","1995-11-27","29","4038","WR","John Ross"
"LAC","2003-03-16","22","12507","RB","Omarion Hampton"
"NULL","1989-01-30","31","914","WR","Leonard Hankerson"
"DEN","2000-09-13","24","11439","RB","Jaleel McLaughlin"
"NULL","1999-09-29","23","11282","WR","Johnny King"
"NULL","1992-12-26","29","3730","WR","Tevin Jones"
"NULL","1990-03-22","31","1609","TE","Chris Pantale"
"NULL","1996-08-27","25","5718","TE","Ryan Yurachek"
"NULL","1993-06-16","28","3916","WR","David Watford"
"NULL","1995-11-04","26","5530","WR","Evan Berry"
"NULL","2000-03-26","23","11445","WR","Taylor Grimes"
"NULL","1994-12-12","27","5619","RB","Dalyn Dawkins"
"NULL","1995-04-27","29","5122","RB","Boston Scott"
"NULL","1991-09-07","29","5396","WR","Sergio Bailey II"
"BAL","2001-06-19","24","11629","WR","Devontez Walker"
"NULL","1984-02-03","33","355","RB","Brian Leonard"
"NULL","1986-11-07","31","506","WR","David Nelson"
"NULL","1986-10-09","33","737","TE","Mickey Shuler"
"NULL","1989-08-25","31","1749","TE","Jake Stoneburner"
"NULL","1993-04-13","30","2320","RB","Melvin Gordon"
"NULL","1990-09-13","33","1895","QB","AJ McCarron"
"NULL","2001-04-06","23","11906","WR","Ty James"
"LAC","2003-06-25","22","12493","TE","Oronde Gadsden"
"NULL","1983-12-12","33","287","WR","Brad Smith"
"NULL","NULL","NULL","12028","RB","TaMerik Williams"
"NULL","1987-05-02","33","521","TE","Jeff Cumberland"
"BAL","2002-03-29","23","12699","WR","LaJohntay Wester"
"NULL","1993-11-22","28","3488","RB","D.J. Foster"
"NULL","NULL","NULL","4909","RB","Duce Staley"
"NULL","NULL","NULL","12244","WR","DeAngelo Hardy"
"NULL","1990-07-02","32","1387","RB","Rex Burkhead"
"NULL","1993-10-15","24","3759","TE","Gabe Hughes"
"ATL","2000-10-06","24","7553","TE","Kyle Pitts"
"NULL","1996-12-02","25","5143","RB","Demario Richard"
"NULL","NULL","NULL","8410","WR","Jequez Ezzard"
"PIT","1997-05-03","24","5845","QB","Dwayne Haskins"
"NULL","1992-07-12","30","2025","WR","Albert Wilson"
"NULL","NULL","NULL","12300","TE","Joshua Lingenfelter"
"PHI","1998-11-03","26","11304","TE","E.J. Jenkins"
"CLE","1985-01-16","40","19","QB","Joe Flacco"
"NULL","1987-11-04","32","1009","WR","Bryan Walters"
"CAR","2003-01-25","22","12967","WR","Jacolby George"
"NULL","1990-02-23","27","1524","WR","Kevin Dorsey"
"NULL","1988-11-14","31","1250","TE","Will Johnson"
"NULL","1992-01-14","29","2519","TE","Neal Sterling"
"PHI","NULL","NULL","13228","WR","Ife Adeyi"
"NULL","1993-12-07","26","2721","WR","Chris Harper"
"NULL","1995-11-13","26","6459","WR","Sean Modster"
"NULL","1995-03-15","29","12264","WR","Cole Beck"
"NULL","1989-02-13","32","801","TE","Charles Clay"
"NULL","1983-04-25","37","306","RB","DeAngelo Williams"
"NULL","1992-12-05","29","3484","WR","Nelson Spruce"
"NULL","1996-04-18","25","6374","TE","Drew Belcher"
"IND","1993-09-19","31","4054","TE","Mo Alie-Cox"
"NULL","1991-11-11","26","1450","WR","Ace Sanders"
"NULL","1991-12-09","25","1966","WR","Ryan Lankford"
"WAS","1997-08-13","27","7944","WR","Michael Strachan"
"NULL","1991-05-09","26","2919","WR","Tyler McDonald"
"NULL","1989-11-17","33","1550","QB","Ryan Griffin"
"NULL","2000-12-19","24","13108","WR","Julian Fleming"
"SF","1993-05-09","32","3423","WR","Robbie Chosen"
"NULL","1999-12-31","25","12121","RB","Deshaun Fenwick"
"NULL","1987-06-11","34","406","TE","John Phillips"
"NULL","1993-01-30","31","3496","TE","Stephen Anderson"
"NULL","1988-12-01","28","1","QB","GJ Kinne"
"NULL","1993-12-15","28","4813","WR","Marvin Bracy"
"NULL","1992-07-16","32","1800","TE","Jordan Matthews"
"NULL","1988-08-07","32","833","TE","Jordan Cameron"
"NULL","1992-02-25","28","2537","WR","Mario Alford"
"NULL","NULL","NULL","3953","QB","Austin Trainor"
"NULL","1994-07-18","29","5100","RB","Jordan Wilkins"
"NULL","1998-02-06","26","7938","TE","Hunter Kampmoyer"
"DAL","2001-07-01","24","12848","WR","Josh Kelly"
"NULL","1972-09-21","47","404","QB","Jon Kitna"
"NULL","1982-08-06","38","698","QB","Charlie Whitehurst"
"SF","1999-07-08","26","8698","TE","Jake Tonges"
"NULL","1993-05-23","28","3453","RB","Josh Ferguson"
"NULL","1994-03-22","27","4385","RB","Kalif Phillips"
"NULL","1997-01-14","26","7013","QB","Steven Montez"
"NULL","1993-04-17","28","2193","RB","Darrin Reaves"
"NULL","1998-08-29","24","7862","WR","T.J. Vasher"
"NULL","NULL","NULL","12459","RB","Player Invalid"
"NULL","2001-03-12","23","10233","QB","Max Duggan"
"NULL","1984-09-01","36","8079","TE","Craig Stevens"
"NULL","1991-05-04","30","1517","RB","Theo Riddick"
"NULL","1997-04-30","26","6279","TE","Brandon Dillon"
"NULL","1996-05-09","25","6501","TE","C.J. Conrad"
"NULL","1986-04-09","31","1007","TE","Kevin Brock"
"NULL","NULL","NULL","5776","WR","Mark Chapman"
"NULL","1992-12-21","29","2948","RB","Brandon Cottom"
"PIT","NULL","NULL","12971","WR","Ke'Shawn Williams"
"NULL","1996-11-24","25","6381","WR","Alexander Hollins"
"PIT","1994-11-30","27","6016","TE","Dax Raymond"
"CAR","1999-11-18","25","11157","WR","Brycen Tremayne"
"NULL","1992-10-15","29","3471","RB","Aaron Green"
"NULL","1989-04-29","31","2297","RB","Glenn Winston"
"NULL","1987-09-03","30","881","QB","Ricky Stanzi"
"NULL","1998-01-30","26","6908","RB","La'Mical Perine"
"NULL","1994-10-22","27","4569","WR","Brian Brown"
"NULL","NULL","NULL","3945","WR","Darius White"
"NULL","1997-01-14","26","5007","WR","Keke Coutee"
"CLE","1998-12-10","26","8116","RB","Pierre Strong"
"NULL","1997-11-17","26","6823","QB","Jacob Eason"
"NULL","1992-10-07","29","3648","TE","Matt Weiser"
"NULL","1997-10-17","26","7619","WR","Mathew Sexton"
"NULL","1997-12-01","24","7555","QB","Jamie Newman"
"HOU","1998-10-21","26","7585","QB","Davis Mills"
"NULL","NULL","NULL","12399","WR","Caleb Chapman"
"NULL","1992-11-15","29","2603","WR","Shane Wynn"
"NULL","1999-03-03","25","8931","WR","Josh Ali"
"NULL","1991-01-02","26","2052","WR","Tevin Reese"
"NULL","NULL","NULL","8633","WR","Stephon Robinson"
"SF","1993-06-13","32","2359","RB","Ameer Abdullah"
"NULL","1988-07-20","32","1743","WR","Brittan Golden"
"NULL","1985-12-10","34","103","RB","Matt Forte"
"NULL","1990-09-27","31","788","RB","Dion Lewis"
"NULL","1998-07-27","26","8241","QB","Anthony Brown"
"SEA","1996-11-10","28","5854","QB","Drew Lock"
"NULL","NULL","NULL","2936","RB","Rasheed Williams"
"NULL","1994-11-16","27","3211","RB","Paul Perkins"
"PIT","1999-01-30","26","7593","RB","Trey Sermon"
"NULL","NULL","NULL","6489","QB","Taryn Christion"
"NULL","1996-07-06","25","7614","RB","Darius Clark"
"IND","2002-03-30","23","12832","WR","Blayne Taylor"
"KC","NULL","NULL","12809","WR","Mac Dalena"
"NULL","1998-08-01","23","6966","RB","Javon Leake"
"NULL","1995-03-28","26","4548","RB","Joel Bouagnon"
"NULL","2004-12-01","20","12354","TE","Easton Dean"
"NULL","1991-12-14","33","3021","WR","Devin Gardner"
"DEN","2003-09-06","21","11579","RB","Audric Estime"
"NULL","NULL","NULL","11572","RB","Player Invalid"
"NULL","1990-11-08","27","2225","TE","Alex Bayer"
"DAL","1993-07-29","32","3294","QB","Dak Prescott"
"NULL","1993-12-14","28","4031","TE","Travis Wilson"
"NULL","NULL","NULL","11611","WR","Player Invalid"
"NULL","1991-09-19","30","1910","QB","Connor Shaw"
"NULL","1987-01-22","31","16","RB","Ray Rice"
"NULL","1984-04-20","36","51","TE","Anthony Fasano"
"NULL","1997-12-30","24","7274","WR","Tyler Simmons"
"NULL","1994-08-03","27","5359","WR","Dorren Miller"
"NULL","1987-11-16","29","934","TE","Ryan Taylor"
"NULL","1994-03-15","27","3768","WR","Darius Powe"
"NULL","1994-04-25","27","3517","WR","Hunter Sharp"
"NULL","1993-12-13","31","3609","WR","Chris King"
"LAR","1988-02-07","37","421","QB","Matthew Stafford"
"NULL","1989-02-17","28","1293","RB","Jeremy Stewart"
"PHI","2001-04-03","24","11636","WR","Johnny Wilson"
"NULL","NULL","NULL","5258","WR","Damon Gibson"
"BUF","2000-02-03","25","8134","WR","Khalil Shakir"
"NULL","1995-02-19","26","5398","RB","Justin Crawford"
"KC","1999-04-30","26","7828","TE","Noah Gray"
"NULL","1998-07-03","26","10861","RB","Xazavian Valladay"
"NULL","1994-04-18","27","4814","WR","De'Quan Hampton"
"NULL","1997-12-06","24","7397","TE","Parker Houston"
"DAL","2000-03-06","25","11557","QB","Joe Milton"
"NULL","1997-08-03","26","5052","RB","Ronald Jones"
"NULL","1994-10-19","27","4128","WR","Chad Williams"
"NULL","1996-06-18","25","6626","WR","Isaac Zico"
"BAL","1997-11-14","27","5995","RB","Justice Hill"
"NULL","1992-10-05","32","3524","QB","Marquise Williams"
"NULL","1993-11-18","30","4421","TE","Jacob Hollister"
"NULL","NULL","NULL","2926","TE","Earnest Pettway"
"NULL","1993-04-28","27","2887","WR","Quan Bray"
"NYJ","NULL","NULL","12925","WR","Jamaal Pritchett"
"CHI","2004-04-09","21","12517","TE","Colston Loveland"
"NULL","1995-11-10","27","6081","TE","Kendall Blanton"
"NULL","1994-04-01","27","4634","WR","Kenneth Walker"
"NULL","1994-10-21","27","4479","WR","Thomas Sperbeck"
"NULL","1981-05-09","36","133","RB","Greg Jones"
"NULL","1992-10-20","30","3318","QB","Kevin Hogan"
"NULL","1992-07-10","26","3799","WR","David Glidden"
"NULL","1992-12-13","29","5269","TE","Codey McElroy"
"NULL","1992-10-02","29","2553","TE","Rory Anderson"
"NULL","1993-09-20","28","4585","WR","Anthony Nash"
"NULL","1998-09-23","24","11229","RB","Calvin Tyler"
"NULL","1994-03-07","30","2941","WR","Milton Williams"
"NULL","1985-07-02","37","89","QB","Chad Henne"
"BUF","1999-09-25","25","8138","RB","James Cook"
"NULL","NULL","NULL","5665","WR","Darren Andrews"
"NULL","1992-03-09","32","2770","TE","Harold Spears"
"NULL","1997-02-05","26","7159","QB","Reid Sinnett"
"NULL","NULL","NULL","7108","WR","Hasise Dubois"
"NULL","1998-03-24","27","9231","QB","Jaren Hall"
"IND","1997-07-06","24","7262","QB","Jalen Morton"
"NULL","1997-11-04","25","8442","QB","Jarrett Guarantano"
"PHI","2000-03-22","25","8119","WR","Jahan Dotson"
"ATL","2000-08-20","24","8194","RB","Jashaun Corbin"
"NULL","1997-12-31","24","7863","RB","JaQuan Hardy"
"NULL","1995-05-30","26","5231","TE","Cole Hunt"
"NULL","1997-01-13","24","7407","WR","Isaiah Wright"
"NULL","1994-07-28","27","5268","TE","Ben Johnson"
"NULL","1991-12-16","28","2185","WR","Corey Brown"
"NULL","1997-02-27","27","6075","TE","Jesper Horsted"
"NULL","1995-05-14","26","4697","RB","Khalid Abdullah"
"NULL","1987-05-02","33","539","WR","Marc Mariani"
"IND","NULL","NULL","12831","WR","Tyler Kahmann"
"NULL","2001-01-01","24","12220","WR","Brevin Easton"
"NULL","1995-05-30","26","5550","RB","John David Moore"
"NULL","NULL","NULL","11612","WR","Bru McCoy"
"NE","2001-10-26","23","12542","WR","Efton Chism"
"NULL","1990-03-11","30","1631","WR","Rodney Smith"
"NULL","1999-01-12","24","7552","WR","Blake Proehl"
"NULL","1991-05-01","30","4733","TE","Alex Gray"
"NULL","1993-01-31","28","3540","WR","Jamaal Jones"
"SF","1997-07-10","28","7049","WR","Jauan Jennings"
"NULL","1993-12-13","28","3338","WR","Keenan Reynolds"
"TB","1999-01-12","26","8136","RB","Rachaad White"
"MIA","2001-01-04","24","11610","WR","Malik Washington"
"NULL","1996-04-02","28","5024","WR","James Washington"
"NULL","1999-10-19","25","12413","WR","Hamze El-Zayat"
"NULL","1989-09-08","28","860","WR","Armon Binns"
"NULL","1991-05-25","30","2304","TE","Jerome Cunningham"
"NULL","1998-04-22","24","8070","WR","Travis Toivonen"
"NULL","1980-10-03","39","655","WR","Anquan Boldin"
"NULL","1995-11-01","27","6519","WR","Darrius Shepherd"
"NULL","2000-12-19","24","11918","WR","Ahmarean Brown"
"NULL","1987-07-23","37","2565","TE","Jean Sifrin"
"SEA","1997-06-05","28","4943","QB","Sam Darnold"
"NULL","NULL","NULL","5809","RB","Ja'Quan Gardner"
"CIN","1998-10-29","26","10228","WR","Charlie Jones"
"NULL","1995-01-03","27","4026","QB","DeShone Kizer"
"NULL","1990-11-01","31","1353","RB","Mike Gillislee"
"NULL","1990-02-12","31","1169","QB","Robert Griffin"
"CIN","1999-03-15","26","11598","TE","Tanner McLachlan"
"NULL","2000-04-16","24","11995","QB","Zack Annexstad"
"CAR","2001-11-28","23","11998","RB","Emani Bailey"
"CAR","1987-10-29","37","829","QB","Andy Dalton"
"GB","2000-04-28","25","10222","WR","Jayden Reed"
"LV","2000-04-10","25","7534","WR","Seth Williams"
"NULL","1991-09-10","33","2754","WR","Michael Johnson"
"NULL","1990-02-24","30","895","RB","Jordan Todman"
"NULL","1995-12-11","26","6388","TE","Romello Brooker"
"NULL","1993-03-23","25","3712","TE","Adam Fuehne"
"NULL","1989-04-10","35","2684","WR","Corbin Louks"
"NULL","1997-11-08","25","7905","TE","Dylan Soehner"
"NULL","NULL","NULL","12284","RB","Michael Herzog"
"KC","1999-01-30","26","11311","WR","Jason Brownlee"
"NULL","1978-11-17","39","194","WR","Reggie Wayne"
"NULL","1991-01-20","26","1953","WR","Travis Labhart"
"NULL","1994-02-01","27","4330","WR","JoJo Natson"
"NULL","1997-06-20","24","6072","RB","Bruce Anderson"
"WAS","2001-10-31","23","12532","WR","Ja'Corey Brooks"
"NULL","1992-06-15","29","2202","TE","Je'Ron Hamm"
"NULL","1995-03-07","28","3278","WR","Pharoh Cooper"
"NULL","1994-12-02","27","5165","QB","Quinton Flowers"
"NE","2000-12-28","24","12981","TE","Gee Scott"
"NULL","1992-07-27","32","2581","RB","Jahwan Edwards"
"NULL","1994-10-06","27","4544","WR","Daikiel Shorts"
"NULL","1995-06-04","26","4418","RB","LeShun Daniels"
"GB","2000-01-11","25","11370","RB","Chris Brooks"
"NULL","1991-05-15","30","6196","RB","Christian Wade"
"NULL","1997-10-05","27","7794","RB","Chris Evans"
"NULL","1988-06-16","33","530","TE","Jermaine Gresham"
"NULL","1981-11-02","38","4","WR","Roddy White"
"LV","1999-12-14","25","11574","RB","Dylan Laube"
"NYJ","1996-05-15","29","6323","RB","Andrew Beck"
"NULL","1999-01-27","25","7606","WR","Kadarius Toney"
"ARI","1998-06-09","27","6927","WR","Quez Watkins"
"NULL","1990-08-09","30","1589","WR","Quinton Patton"
"NULL","1981-09-08","39","316","WR","Malcom Floyd"
"NULL","1994-06-21","30","3615","RB","Sione Houma"
"NULL","1991-10-29","33","2561","QB","Anthony Boone"
"NULL","1979-08-17","38","226","WR","Antwaan Randle El"
"TB","NULL","NULL","13246","WR","Jaden Smith"
"TB","1999-04-15","26","8111","TE","Cade Otton"
"NULL","1991-08-14","33","2929","WR","Adrian Coxson"
"NULL","1990-04-09","27","974","RB","Ryan Williams"
"NULL","1995-02-11","26","6742","RB","Marquis Young"
"NULL","1998-08-19","24","8245","TE","Derrick Deese"
"NULL","1995-01-22","28","4061","QB","Davis Webb"
"WAS","1993-06-16","32","3269","WR","Chris Moore"
"NULL","1996-11-28","28","6970","TE","Stephen Sullivan"
"NULL","1991-04-27","30","1944","RB","Alfred Blue"
"NULL","1997-07-04","24","8092","RB","Corey Taylor"
"NULL","1996-11-06","25","6259","RB","Darnell Holland"
"CLE","1999-10-17","25","12374","TE","Brenden Bates"
"NULL","1990-12-04","34","2957","TE","Ernst Brun"
"MIA","2001-07-26","24","12866","TE","Jalin Conyers"
"NULL","1992-06-02","28","2789","WR","Lucky Whitehead"
"NULL","NULL","NULL","6522","QB","T.J. Linta"
"NULL","1992-10-17","31","1911","WR","Willie Snead"
"NULL","1990-01-26","34","1034","RB","Brandon Bolden"
"NULL","NULL","NULL","4798","WR","C.J. Germany"
"NULL","1991-09-20","30","2503","TE","A.J. Derby"
"NULL","NULL","NULL","5808","QB","Connor Jessop"
"NULL","1995-08-09","26","5242","WR","Dontez Byrd"
"NULL","1990-04-07","27","1664","TE","Ryan Otten"
"NULL","1993-04-29","25","3924","TE","Clayton Echard"
"NULL","1996-01-07","28","5026","WR","Tre'Quan Smith"
"LAC","2001-08-28","23","11647","RB","Kimani Vidal"
"NULL","1997-03-07","26","6045","WR","Gary Jennings"
"NULL","1994-09-10","27","4821","WR","Jamari Staples"
"NULL","1981-05-01","39","177","WR","Wes Welker"
"NULL","1990-05-04","30","2282","RB","Fitzgerald Toussaint"
"NULL","1993-03-07","27","2400","RB","Matt Jones"
"NULL","1997-01-16","26","6395","WR","Trinity Benson"
"NULL","1989-03-15","28","1317","TE","Brandon Barden"
"NULL","1989-12-14","30","1206","RB","Isaiah Pead"
"NULL","1998-09-29","24","11478","WR","Gavin Holmes"
"NULL","1999-09-27","23","8549","WR","Trevon Clark"
"NULL","1999-04-08","25","11266","WR","Thyrick Pitts"
"IND","1998-04-21","27","7608","RB","Khalil Herbert"
"SEA","1997-03-31","28","6402","WR","Steven Sims"
"TB","1998-01-20","27","8484","TE","Ko Kieft"
"NULL","1998-10-16","24","8213","WR","Dai'Jean Dixon"
"NULL","1999-01-07","24","11226","WR","Tyjon Lindsey"
"NULL","1990-06-13","31","1587","TE","Vance McDonald"
"NULL","1997-03-10","25","7412","RB","Sandro Platzgummer"
"NULL","1992-01-08","30","7499","TE","Paul Quessenberry"
"SEA","2002-02-14","23","9488","WR","Jaxon Smith-Njigba"
"PIT","2001-08-16","23","9510","RB","Lew Nichols"
"NYJ","2002-02-21","23","11571","RB","Isaiah Davis"
"MIA","1998-11-25","26","7526","WR","Jaylen Waddle"
"NULL","1982-12-28","37","6738","RB","Cedric Benson"
"NULL","NULL","NULL","8425","RB","Player Invalid"
"NULL","1997-06-21","24","4949","RB","Derrius Guice"
"NULL","1989-12-12","27","1137","WR","Juron Criner"
"NULL","1989-07-27","31","1045","WR","Trevor Graham"
"CHI","NULL","NULL","13079","WR","Jahdae Walker"
"NULL","2000-12-20","22","8115","TE","Jalen Wydermyer"
"NULL","1995-11-14","26","6248","WR","Trevion Thompson"
"NULL","1995-03-30","26","3386","TE","Thomas Duarte"
"NULL","1987-02-26","34","394","WR","Darrius Heyward-Bey"
"NULL","1993-08-20","27","2824","WR","Donteea Dye"
"SEA","NULL","NULL","13047","RB","Jacardia Wright"
"NULL","1994-08-06","27","4508","WR","Gabe Marks"
"IND","1999-09-02","25","12820","WR","Landon Parker"
"NULL","1998-12-26","25","11505","WR","David Durden"
"NULL","1996-01-24","27","5911","WR","Jalen Hurd"
"NULL","1983-01-10","34","195","WR","Courtney Roby"
"NULL","1992-11-11","29","3650","WR","Maurice Harris"
"NE","1992-09-21","29","2944","TE","Matt LaCosse"
"NULL","1990-12-27","31","3036","TE","Matt Lengel"
"NULL","1995-11-05","26","6343","QB","Manny Wilkins"
"NULL","1994-05-02","27","5132","WR","Steven Mitchell"
"NULL","1998-02-09","23","6993","TE","Dominick Wood-Anderson"
"NULL","1985-10-13","38","345","QB","Brian Hoyer"
"NULL","1983-01-14","37","128","WR","Vincent Jackson"
"NO","1999-04-11","26","6820","RB","Clyde Edwards-Helaire"
"NULL","1996-10-24","25","7008","QB","Brian Lewerke"
"NULL","1996-03-08","25","5169","WR","Malik Earl"
"CHI","2000-02-22","25","11931","QB","Austin Reed"
"NULL","1999-01-14","26","7713","WR","Jaelon Darden"
"NULL","2000-05-24","24","12333","WR","Dakereon Joyner"
"NULL","NULL","NULL","4784","WR","Levonte Whitfield"
"NULL","1992-03-01","26","2100","RB","Silas Redd"
"NULL","1995-02-17","29","5092","TE","Troy Fumagalli"
"NO","1993-09-25","31","2197","WR","Brandin Cooks"
"NULL","1990-07-25","31","1718","TE","Derek Carrier"
"NULL","1992-09-07","26","3873","WR","Ben Roberts"
"NULL","1996-02-05","25","6236","RB","Travon McMillian"
"IND","1997-05-27","28","5870","QB","Daniel Jones"
"NULL","NULL","NULL","8905","TE","Travis Koontz"
"NULL","2001-04-12","23","12373","WR","Peter LeBlanc"
"NULL","1997-10-04","26","5290","WR","Deontay Burnett"
"NULL","1986-05-21","34","297","WR","Eddie Royal"
"NULL","1994-06-04","29","2463","TE","Jesse James"
"NULL","1991-09-15","33","4723","WR","Justin Thomas"
"NULL","1997-11-07","27","12250","TE","Riley Sharp"
"NULL","1993-07-06","29","3568","WR","Marken Michel"
"NULL","1995-05-15","26","5322","TE","James Looney"
"NULL","1999-05-10","23","8878","TE","Jared Scott"
"NULL","1994-03-20","27","4214","WR","Shelton Gibson"
"NULL","1991-12-16","31","2391","RB","David Johnson"
"BUF","1998-07-09","27","7064","RB","Darrynton Evans"
"NULL","1982-05-17","39","389","QB","Matt Cassel"
"NULL","1997-08-24","24","7088","RB","Xavier Jones"
"NULL","1992-05-30","26","3007","WR","Avius Capers"
"MIN","1997-07-03","28","5844","TE","T.J. Hockenson"
"NULL","1991-01-20","30","3920","WR","Harvey Binford"
"NULL","1990-06-18","31","2835","RB","Paul Lasike"
"NULL","2001-02-07","23","11947","RB","Austin Jones"
"NULL","1983-04-21","37","154","QB","Tarvaris Jackson"
"NULL","1992-08-28","28","2088","RB","Andre Williams"
"NULL","1994-11-10","27","4710","WR","Gio Pascascio"
"NULL","1991-02-21","29","1682","RB","Cierre Wood"
"NE","2002-10-22","22","12529","RB","TreVeyon Henderson"
"NULL","1987-06-08","33","565","TE","Tony Moeaki"
"NULL","1987-11-03","34","980","QB","Colin Kaepernick"
"NULL","1993-08-15","29","3664","RB","J.D. McKissic"
"NULL","1993-11-16","31","4127","QB","C.J. Beathard"
"NULL","NULL","NULL","12913","WR","J.J. Jones"
"NULL","1986-11-04","35","613","WR","Brandon LaFell"
"GB","1997-05-21","24","5957","TE","Isaac Nauta"
"MIN","2000-06-09","25","7601","WR","Rondale Moore"
"NULL","1987-09-21","32","611","QB","Jimmy Clausen"
"NULL","1987-04-07","35","367","TE","Jared Cook"
"BAL","2000-11-14","24","13154","RB","Marcus Major"
"NULL","1993-11-19","28","4630","RB","I'Tavius Mathers"
"NULL","1995-11-07","26","5196","TE","Ethan Wolf"
"NULL","1991-10-14","26","1650","RB","Cameron Marshall"
"DET","2002-02-20","23","12535","WR","Isaac TeSlaa"
"NULL","1994-07-24","28","5170","RB","Phillip Lindsay"
"CHI","1999-01-14","26","6790","RB","D'Andre Swift"
"NULL","1997-04-24","26","6146","TE","Kaden Smith"
"NULL","1986-12-17","30","1763","WR","Greg Orton"
"LV","1990-10-10","34","1373","QB","Geno Smith"
"NULL","1997-12-23","24","7162","TE","Ryan Becker"
"SF","2002-01-21","23","12491","RB","Corey Kiner"
"NULL","1997-08-31","24","6358","WR","Kahlil Lewis"
"MIA","1998-03-02","27","6768","QB","Tua Tagovailoa"
"NYG","1997-09-03","27","6130","RB","Devin Singletary"
"NULL","1994-08-10","30","3531","RB","Marshaun Coprich"
"NULL","NULL","NULL","12276","WR","RJ Mobley"
"DAL","1995-09-11","26","5004","RB","Ito Smith"
"NULL","1993-09-07","28","4923","RB","Rushel Shell"
"DET","2001-01-31","24","12356","RB","Jabari Small"
"PHI","1998-08-07","27","6904","QB","Jalen Hurts"
"NULL","1993-06-15","29","2450","QB","Brett Hundley"
"NULL","1993-10-11","28","4797","RB","Josh Rounds"
"NULL","1989-02-09","28","1321","WR","Mike Brown"
"NULL","1991-03-22","26","2564","WR","Duron Carter"
"NULL","1984-03-23","37","648","WR","Brandon Marshall"
"NULL","1986-05-05","31","454","RB","Chris Ogbonnaya"
"NULL","1990-09-22","28","1505","WR","Josh Lenz"
"NULL","1997-09-14","23","7097","RB","Tra Barnett"
"MIA","1999-08-03","26","7538","QB","Zach Wilson"
"NULL","1992-02-25","29","2769","WR","Larry Pinkard"
"KC","1998-05-02","27","7561","RB","Elijah Mitchell"
"NULL","1995-10-06","27","7376","QB","Case Cookus"
"NULL","1995-12-31","26","5129","WR","Adonis Jennings"
"NULL","1992-03-19","31","5828","WR","Diontae Spencer"
"NULL","1992-05-27","29","3209","RB","Devontae Booker"
"NULL","2000-02-01","22","8409","WR","Tyler Snead"
"JAX","2003-03-10","22","12898","QB","Seth Henigan"
"NULL","1992-11-23","29","3612","TE","Hakeem Valles"
"NULL","1986-01-04","31","456","TE","Deon Butler"
"MIN","2002-01-17","23","12950","WR","Robert Lewis"
"NULL","1997-04-15","26","7458","WR","Isaiah Zuber"
"LAC","2001-11-11","23","11635","WR","Ladd McConkey"
"NULL","1988-03-20","29","716","TE","Steve Maneri"
"NULL","NULL","NULL","11591","TE","Player Invalid"
"SEA","2002-02-06","23","12475","WR","Ricky White"
"WAS","1999-03-22","26","8154","RB","Brian Robinson"
"NULL","1998-09-25","26","11060","RB","Robert Burns"
"CAR","1996-11-21","28","7427","TE","Tyler Mabry"
"NULL","1989-05-14","32","515","TE","Rob Gronkowski"
"ATL","2001-03-06","24","11806","WR","Casey Washington"
"NULL","1997-02-25","24","5941","WR","Felton Davis"
"NULL","1996-10-02","27","6068","RB","Devine Ozigbo"
"CIN","1996-04-11","29","6111","QB","Jake Browning"
"NULL","2002-07-28","22","12965","QB","Ethan Garbers"
"NULL","1994-08-01","27","5733","TE","Clayton Wilson"
"NULL","1997-04-19","23","7102","QB","Mason Fine"
"NULL","NULL","NULL","8430","QB","Player Invalid"
"NULL","1996-09-10","27","6018","TE","Zach Gentry"
"NULL","1995-11-26","26","4289","WR","Ishmael Zamora"
"NULL","NULL","NULL","6586","TE","Moral Stephens"
"NULL","1993-03-08","28","5138","RB","Martez Carter"
"NULL","1991-12-29","30","2252","WR","Corey Washington"
"CHI","2000-09-13","24","13080","RB","Deion Hankins"
"NULL","1990-02-14","31","1149","WR","Alshon Jeffery"
"NULL","NULL","NULL","6663","WR","Micah Wright"
"DEN","1998-09-30","26","7583","QB","Sam Ehlinger"
"NULL","NULL","NULL","11622","WR","Player Invalid"
"NULL","1996-05-31","25","6637","RB","Nico Evans"
"NULL","1991-11-06","33","2903","QB","Shane Carden"
"NULL","1993-11-30","28","3715","TE","Cole Wick"
"NULL","1996-09-24","25","7156","QB","J'Mar Smith"
"NULL","1995-11-16","29","5284","RB","Jeff Wilson"
"NYG","NULL","NULL","13129","TE","Jermaine Terry"
"NULL","1994-09-11","27","4445","WR","Keon Hatcher"
"NULL","1996-10-23","27","6380","WR","Davion Davis"
"NULL","1994-05-17","27","3762","WR","Brandon Shippen"
"BAL","1994-03-16","23","4744","TE","Barrett Burns"
"NULL","1988-07-28","29","1109","QB","Chandler Harnish"
"CHI","2002-06-03","23","11620","WR","Rome Odunze"
"NULL","1995-12-20","27","5289","WR","Cameron Batson"
"NULL","NULL","NULL","11602","TE","Player Invalid"
"NULL","1994-09-16","27","6019","WR","Johnnie Dixon"
"NULL","1992-02-12","29","2583","WR","Tyrell Williams"
"ARI","2000-02-23","25","10232","WR","Michael Wilson"
"NULL","1989-07-17","29","1237","QB","Dominique Davis"
"NULL","NULL","NULL","8575","TE","Erik Krommenhoek"
"KC","2001-08-15","23","12810","WR","Elijhah Badger"
"NULL","1989-08-22","33","1071","WR","Mohamed Sanu"
"KC","1999-10-06","25","12435","TE","Geor'Quarius Spivey"
"NULL","1994-11-18","27","4200","WR","DeAngelo Yancey"
"GB","1998-11-02","26","6804","QB","Jordan Love"
"NULL","1994-11-15","30","3225","WR","Tyler Boyd"
"NULL","1991-11-23","26","3922","WR","Montario Hunter"
"LAC","2000-03-14","25","12549","TE","Jordan Petaia"
"NULL","1993-08-13","27","2596","TE","Wes Saxton"
"NULL","1996-01-16","25","6260","TE","Jake Powell"
"NULL","1999-03-25","22","7874","WR","Jeremiah Haydel"
"NULL","1991-07-23","33","2119","QB","James Franklin"
"NULL","1999-07-23","24","11191","WR","Justin Marshall"
"HOU","1995-10-06","29","5121","WR","Braxton Berrios"
"DEN","1998-01-02","24","7093","RB","Adrian Killins"
"NULL","1999-01-13","26","12360","WR","Latreal Jones"
"NULL","1985-05-17","37","24","QB","Matt Ryan"
"NULL","1990-09-20","31","2257","RB","Carlos Hyde"
"NULL","1999-07-01","23","8236","WR","Jerreth Sterns"
"NULL","1999-12-09","25","11099","WR","Kearis Jackson"
"NULL","1995-10-05","26","5263","QB","Chase Litton"
"NULL","1992-12-06","27","5267","WR","JJ Jones"
"HOU","2000-07-18","25","8147","WR","John Metchie"
"NYJ","1999-06-06","26","9483","TE","Zack Kuntz"
"NULL","1993-07-04","28","5283","WR","Ka'Raun White"
"NULL","1998-04-10","26","7956","WR","Cade Johnson"
"NULL","NULL","NULL","13136","WR","Redd Douglas"
"CIN","2000-09-13","24","11592","TE","Erick All"
"MIA","1997-03-21","28","7496","WR","Nick Westbrook-Ikhine"
"NULL","1988-06-05","32","810","QB","Ryan Mallett"
"NULL","1999-04-02","25","11224","TE","Griffin Hebert"
"DET","1994-08-08","30","3634","WR","Kalif Raymond"
"NULL","1999-10-25","25","12018","WR","Sam Pinckney"
"ATL","1995-01-03","30","5773","WR","KhaDarel Hodge"
"MIN","1997-07-17","28","11520","WR","Lucky Jackson"
"NULL","1994-11-30","27","2940","WR","Des Lawrence"
"BAL","1993-11-21","31","4574","QB","Cooper Rush"
"NULL","1986-12-31","33","626","TE","Jim Dray"
"NULL","1994-09-09","27","5663","RB","Shane Wimann"
"NULL","1994-05-09","27","6205","QB","Brandon Silvers"
"DET","1998-01-13","27","9998","QB","Hendon Hooker"
"GB","2000-03-09","25","8500","TE","John FitzPatrick"
"TB","1996-02-27","29","4037","WR","Chris Godwin"
"NULL","1995-06-15","27","5244","WR","Devin Gray"
"NULL","1995-09-03","26","4222","QB","Brad Kaaya"
"NULL","1989-02-02","31","1709","RB","Fozzy Whittaker"
"NULL","2000-04-07","25","11606","TE","Dallin Holker"
"NULL","1995-09-05","28","5137","WR","Richie James"
"NULL","1997-08-01","24","7243","QB","Kevin Davidson"
"NULL","1990-05-27","27","1503","RB","Michael Ford"
"NULL","1998-03-30","24","8553","QB","Tre Ford"
"NULL","1984-10-27","32","671","QB","Brady Quinn"
"NULL","2000-01-06","25","12270","QB","Andrew Peasley"
"CIN","2002-08-23","22","12753","WR","Jamoi Mayes"
"NULL","1994-07-05","27","6375","TE","Jerome Washington"
"NULL","1989-04-17","29","1654","TE","Zach Sudfeld"
"NULL","1981-12-12","35","258","RB","Ronnie Brown"
"BAL","1994-10-09","30","5013","WR","Anthony Miller"
"NULL","1989-12-02","30","1747","QB","Matthew McGloin"
"NULL","1993-05-17","28","3710","WR","Jace Billingsley"
"NULL","1997-05-12","24","6017","WR","DaMarkus Lodge"
"NULL","1991-10-25","30","4874","TE","Chris Bazile"
"NULL","1992-12-20","25","2682","WR","Christion Jones"
"NULL","1993-12-11","28","4377","WR","Montay Crockett"
"NULL","1998-10-10","23","7858","RB","Brenden Knox"
"NULL","1992-01-22","31","2146","TE","Richard Rodgers"
"TB","2001-09-30","23","11561","QB","Michael Pratt"
"BUF","1996-11-14","28","5906","TE","Dawson Knox"
"ARI","1997-11-05","27","7812","WR","Simi Fehoko"
"JAX","NULL","NULL","12908","WR","Chandler Brayboy"
"NULL","1989-02-22","28","1091","TE","David Paulson"
"NULL","1991-09-19","30","2114","RB","Senorise Perry"
"NULL","1995-09-09","26","5217","TE","Jason Reese"
"WAS","1997-06-10","28","7066","WR","K.J. Osborn"
"NO","1992-04-28","29","1979","QB","Blake Bortles"
"NULL","1990-03-15","31","1104","WR","DeVier Posey"
"NULL","1998-04-12","23","8008","WR","Josh Imatorbhebhe"
"NYG","1999-03-14","26","8475","WR","Montrell Washington"
"NULL","1994-04-09","27","6762","TE","Darion Clark"
"ARI","2000-10-12","24","11921","WR","Xavier Weaver"
"WAS","1986-05-15","39","260","QB","Josh Johnson"
"NULL","NULL","NULL","8113","RB","Player Invalid"
"LAC","1993-03-15","32","2711","QB","Taylor Heinicke"
"LV","1997-09-23","27","6857","WR","Collin Johnson"
"NULL","1983-05-18","35","157","QB","Vince Young"
"NULL","1997-07-09","26","8182","TE","Chase Allen"
"NULL","1989-03-27","29","1316","RB","Emil Igwenagu"
"NULL","1995-07-26","29","4157","RB","Tarik Cohen"
"NULL","1991-08-22","30","2255","WR","Bruce Ellington"
"NULL","1991-06-10","30","2003","WR","Bennie Fowler"
"NULL","1990-12-09","29","2594","RB","Brandon Wegher"
"NULL","NULL","NULL","12285","QB","Cade Peterson"
"NULL","2000-09-05","24","7533","WR","Anthony Schwartz"
"NULL","1996-08-25","25","7460","TE","Jake Burt"
"NULL","1992-04-14","26","2283","RB","James Wilder"
"LAR","1991-11-02","33","1837","QB","Jimmy Garoppolo"
"NULL","1983-07-22","37","57","RB","Steven Jackson"
"NULL","1993-10-03","28","4528","QB","Trevor Knight"
"IND","1999-06-22","26","10220","TE","Will Mallory"
"NULL","1998-07-30","26","12063","QB","Rocky Lombardi"
"CHI","NULL","NULL","13249","TE","Thomas Gordon"
"NULL","1991-02-24","27","2698","RB","Abou Toure"
"NULL","1991-04-13","29","1560","RB","Mike James"
"NYG","2003-04-17","22","13128","RB","Rushawn Baker"
"NULL","NULL","NULL","9507","RB","Titus Swen"
"NULL","1991-06-29","30","1939","WR","Derel Walker"
"NULL","NULL","NULL","12434","RB","Kairee Robinson"
"KC","1999-03-02","26","8205","RB","Isiah Pacheco"
"NULL","1991-12-01","33","2713","WR","Josh Harper"
"NULL","1995-09-07","26","6342","WR","Stephen Louis"
"ATL","1988-08-19","36","1166","QB","Kirk Cousins"
"NULL","NULL","NULL","12468","WR","Player Invalid"
"NULL","1995-11-23","26","8108","WR","DeVonte Dedmon"
"NULL","1991-09-19","33","2767","RB","Jawon Chisholm"
"NYJ","1995-12-11","29","5185","WR","Allen Lazard"
"DAL","1999-01-18","26","8110","TE","Jake Ferguson"
"NULL","1980-03-27","40","5834","TE","Sean Ryan"
"NULL","1985-09-11","32","317","QB","Caleb Hanie"
"NULL","2000-03-27","24","12197","QB","John Paddock"
"NULL","1993-04-16","28","3644","RB","Lawrence Thomas"
"NULL","1997-05-07","25","8251","WR","Calvin Jackson"
"NULL","1991-06-19","30","2620","QB","Jake Heaps"
"NULL","1999-02-12","24","11225","TE","Noah Gindorff"
"NULL","1988-10-09","29","2702","WR","John Chiles"
"NULL","1995-08-14","28","4491","WR","Marcus Kemp"
"NULL","1993-03-04","25","2748","RB","Kevin Monangai"
"SF","1997-10-14","27","7842","TE","Luke Farrell"
"NULL","1996-10-29","25","5136","RB","Josh Adams"
"NULL","1993-01-31","28","3500","WR","Devon Cajuste"
"NULL","1982-10-31","34","450","TE","Billy Bajema"
"NULL","1992-05-13","28","2011","RB","Juwan Thompson"
"NULL","1995-10-13","26","6737","TE","Micky Crum"
"NULL","1987-09-24","32","727","RB","Anthony Dixon"
"NULL","1999-08-09","25","11232","WR","Isaiah Winstead"
"NULL","1991-03-07","30","2871","WR","Isaac Fruechte"
"NULL","NULL","NULL","12239","QB","Peewee Jarrett"
"NULL","1993-10-08","28","4785","WR","Kermit Whitfield"
"NULL","1999-04-19","26","11046","WR","Colton Dowell"
"NULL","1987-03-15","33","558","WR","Eric Decker"
"NULL","1996-08-13","25","6288","WR","Marcus Green"
"NULL","1996-06-26","25","6320","WR","Jonathan Duhart"
"BUF","1996-08-11","28","4082","WR","Curtis Samuel"
"CLE","1997-10-18","24","7048","RB","Benny LeMay"
"NULL","1988-07-27","35","1049","QB","Ryan Tannehill"
"NULL","1994-09-16","27","6686","WR","Joe Horn"
"NULL","1987-09-03","33","511","WR","Marlon Moore"
"NULL","1999-02-27","25","12350","RB","Anthony Grant"
"NULL","1996-07-25","26","5703","WR","Deontez Alexander"
"NULL","NULL","NULL","12976","WR","DeMeer Blankumsee"
"NULL","1992-09-29","29","2222","TE","Austin Seferian-Jenkins"
"NULL","1993-01-26","28","3788","WR","Tanner McEvoy"
"GB","1991-07-06","30","3239","TE","Bronson Kaufusi"
"NULL","1985-10-11","34","328","TE","Kellen Davis"
"NULL","NULL","NULL","12311","WR","Daniel George"
"WAS","1990-11-10","34","1339","TE","Zach Ertz"
"NULL","1995-05-02","26","5155","WR","Corey Willis"
"NULL","1995-08-08","26","4184","TE","Bucky Hodges"
"NULL","1999-01-14","24","8770","WR","Malik Williams"
"NULL","1988-08-21","29","1004","RB","Ben Tate"
"SEA","1998-08-31","26","11280","TE","Brady Russell"
"ARI","2002-07-23","23","11589","RB","Trey Benson"
"NULL","1997-12-17","26","5878","TE","N'Keal Harry"
"NULL","NULL","NULL","8257","QB","Player Invalid"
"NULL","1992-04-29","29","3816","RB","Brandon Brown-Dukes"
"KC","2001-12-16","23","13173","WR","Jimmy Holiday"
"NULL","1996-11-24","28","7143","QB","Ben DiNucci"
"SEA","1998-08-04","27","10867","WR","Jake Bobo"
"BAL","2000-04-18","25","8131","TE","Isaiah Likely"
"NULL","1989-01-30","29","592","RB","Jahvid Best"
"KC","1995-09-17","29","4046","QB","Patrick Mahomes"
"NULL","1998-05-24","26","8938","QB","Nathan Rourke"
"SF","1994-09-21","30","3286","WR","Demarcus Robinson"
"WAS","1998-07-16","27","7609","RB","Demetric Felton"
"CIN","2001-01-29","24","11608","WR","Isaiah Williams"
"NULL","1994-08-03","27","2315","RB","Todd Gurley"
"NULL","1994-12-18","28","4551","WR","Tanner Gentry"
"CLE","2002-02-07","23","12524","QB","Shedeur Sanders"
"NULL","1996-01-11","29","6171","WR","Cody Thompson"
"NULL","1998-10-23","24","11344","WR","Keytaon Thompson"
"NULL","1989-12-21","33","956","RB","Mark Ingram"
"NULL","1991-09-19","30","3514","TE","Jake McGee"
"NULL","1995-05-31","23","3911","WR","Rashaun Simonise"
"CIN","2000-03-01","25","7564","WR","Ja'Marr Chase"
"NULL","2000-11-17","24","8174","RB","Kevin Harris"
"NULL","1995-09-19","26","5462","RB","Christopher Ezeala"
"NULL","1991-06-18","26","1673","WR","Da'Rick Rogers"
"NULL","1999-05-09","25","12235","WR","Marcus Riley"
"NULL","1994-05-31","27","4593","TE","Brandon Barnes"
"NULL","1995-01-23","26","5403","QB","Peter Pujals"
"PHI","1998-12-04","26","8177","TE","Grant Calcaterra"
"NULL","1991-01-05","29","2144","TE","Justin Perillo"
"NULL","1990-07-14","31","1456","WR","Tavarres King"
"NULL","1995-06-23","27","5293","WR","Jordan Veasy"
"PIT","1999-03-24","26","8125","WR","Calvin Austin"
"JAX","1998-07-04","27","7746","WR","Austin Trammell"
"NULL","1992-07-10","29","1986","RB","Storm Johnson"
"JAX","1999-11-01","25","7587","WR","Dyami Brown"
"CHI","1999-08-23","25","12410","WR","John Jackson"
"NULL","1989-09-21","27","2038","TE","Jake Murphy"
"NULL","2000-06-02","24","11897","WR","Jermaine Jackson"
"NULL","1996-08-15","25","8095","TE","Graham Adomitis"
"NULL","2000-09-26","23","11382","WR","Dontay Demus"
"NULL","NULL","NULL","4794","QB","Tommy Armstrong Jr."
"NULL","1993-06-15","28","2452","RB","Jay Ajayi"
"NULL","1992-04-10","28","2907","WR","Ben Edwards"
"NULL","1988-10-03","33","1211","TE","Rhett Ellison"
"DAL","1999-02-27","26","8117","WR","Jalen Tolbert"
"NULL","1997-06-10","24","7483","TE","Farrod Green"
"NULL","1992-12-05","27","2533","WR","Dezmin Lewis"
"NULL","1993-09-01","25","2601","WR","Andre Davis"
"LAC","1998-03-10","27","6797","QB","Justin Herbert"
"NULL","1997-10-10","26","6849","WR","Denzel Mims"
"NULL","1992-09-22","29","3774","TE","Jason Vander Laan"
"BAL","2001-10-02","23","13041","WR","Jahmal Banks"
"NULL","1990-01-30","30","1787","TE","Phillip Supernaw"
"NULL","1990-09-24","28","2912","WR","Joshua Stangby"
"NULL","1996-12-15","28","5884","WR","Kelvin Harmon"
"NULL","1996-01-30","28","5781","WR","Malik Turner"
"NULL","NULL","NULL","11262","TE","Damien Caffrey"
"CIN","1999-01-18","26","6801","WR","Tee Higgins"
"NULL","1994-05-28","27","4669","WR","Andre Patton"
"NULL","1992-04-22","30","1555","WR","Kenny Stills"
"NULL","2000-05-15","24","12149","QB","Gavin Hardison"
"DET","2001-01-12","24","10859","TE","Sam LaPorta"
"NULL","2000-05-02","24","11567","QB","Jordan Travis"
"NULL","1988-03-17","29","990","WR","Kris Durham"
"NULL","1992-12-23","29","2980","WR","Eli Rogers"
"MIN","1998-06-10","27","8660","TE","Leroy Watson"
"NULL","1995-12-14","26","6506","RB","Trayone Gray"
"NULL","NULL","NULL","8699","WR","Cyrus Holder"
"TB","2001-10-01","23","12792","QB","Garrett Greene"
"ATL","1987-11-21","34","812","TE","Lee Smith"
"NULL","NULL","NULL","5609","TE","Stephen Baggett"
"CHI","1997-01-10","28","8921","WR","Maurice Alexander"
"NULL","1990-06-23","31","1755","TE","Keavon Milton"
"NO","2001-10-30","23","12546","RB","Marcus Yarns"
"NULL","1996-07-24","25","6661","WR","Joseph Parker"
"NULL","1991-10-03","30","2534","RB","Kenny Hilliard"
"CLE","2000-12-19","24","11633","WR","Jamari Thrash"
"NULL","1998-10-09","25","8628","WR","Jontre Kirklin"
"NULL","1996-11-12","25","7359","TE","Nakia Griffin-Stewart"
"NULL","1991-10-13","28","2804","WR","Andrew Turzilli"
"NULL","1997-12-18","26","6712","WR","Marcus Simms"
"NULL","2001-06-29","23","12246","TE","Mike Rigerman"
"NULL","NULL","NULL","6629","WR","Brian Burt"
"NULL","1992-11-06","32","3433","WR","Alex Erickson"
"NULL","1991-12-29","28","1487","RB","Joseph Randle"
"CLE","NULL","NULL","13189","WR","Luke Floriea"
"NULL","1997-11-13","25","8638","TE","Grayson Gunter"
"PHI","2002-10-13","22","12868","RB","Montrell Johnson"
"NULL","1996-04-24","28","4111","RB","D'Onta Foreman"
"LV","1996-05-29","29","6386","WR","Alex Bachman"
"NULL","2000-02-15","24","12259","QB","Taulia Tagovailoa"
"NULL","1990-07-19","30","1739","TE","Chase Ford"
"NULL","1991-05-07","29","2050","RB","Branden Oliver"
"NULL","2000-09-18","23","11524","TE","Izaiah Gathings"
"NULL","1993-08-10","28","2785","RB","Gus Johnson"
"MIA","1994-05-04","31","4443","TE","Pharaoh Brown"
"DET","2001-03-08","24","11237","RB","Jacob Saylors"
"CIN","2002-09-25","22","13088","RB","Quali Conley"
"NULL","1997-08-08","24","7078","WR","Tony Brown"
"NULL","1996-09-06","25","6448","RB","Darrin Hall"
"NULL","1993-01-22","30","2399","RB","Ty Montgomery"
"LAR","1997-03-18","28","8414","WR","Britain Covey"
"NULL","NULL","NULL","8417","RB","Player Invalid"
"PHI","1998-11-25","26","8523","TE","Nick Muse"
"NULL","2000-04-01","24","11957","WR","Sam Schnee"
"NULL","1994-07-20","27","5775","WR","Jared Murphy"
"NULL","1994-10-12","27","5539","WR","Derrick Willies"
"NULL","1994-06-11","27","4460","TE","Cole Hikutini"
"NE","2000-12-08","24","9501","WR","DeMario Douglas"
"NULL","1998-06-09","25","7539","RB","Gerrid Doaks"
"MIN","1999-03-02","26","8180","WR","Jalen Nailor"
"NULL","1993-10-12","24","3861","WR","Kieren Duncan"
"NULL","1996-06-12","25","5256","TE","DeAndre Goolsby"
"NULL","1995-12-22","26","4994","RB","Kalen Ballage"
"CHI","1988-02-17","37","1737","QB","Case Keenum"
"NULL","1996-01-24","25","6469","TE","Davis Koppenhaver"
"NULL","1993-09-07","28","3722","RB","Don Jackson"
"NULL","NULL","NULL","7624","TE","Carson Williams"
"NULL","1995-03-26","26","5194","TE","Matt Flanagan"
"NULL","1995-06-23","28","6247","WR","Jason Moore"
"NULL","1989-10-06","30","2292","WR","Chris Matthews"
"NULL","1999-04-07","25","11495","WR","Bryan Thompson"
"CHI","2003-12-12","21","12519","WR","Luther Burden"
"NULL","1995-09-22","26","7425","RB","Patrick Carr"
"NULL","1998-03-11","26","7854","TE","Miller Forristall"
"NULL","NULL","NULL","7566","WR","Player Invalid"
"NULL","1996-02-01","27","5253","TE","Jordan Franks"
"GB","2001-06-16","24","9486","WR","Dontayvion Wicks"
"NULL","1990-11-19","33","1346","WR","Marquise Goodwin"
"NULL","1991-10-09","33","2949","RB","Synjyn Days"
"NULL","1984-01-31","37","200","TE","Vernon Davis"
"NULL","NULL","NULL","8650","WR","Lujuan Winningham"
"NULL","1992-03-19","26","2774","WR","Shakim Phillips"
"NULL","2001-08-03","24","13199","WR","Montorie Foster"
"KC","2003-04-11","22","12455","RB","Brashard Smith"
"BAL","1997-01-07","28","4881","QB","Lamar Jackson"
"NULL","2000-04-11","24","10870","RB","Deneric Prince"
"NULL","NULL","NULL","8244","RB","Player Invalid"
"NULL","1998-09-15","23","7860","WR","Osirus Mitchell"
"TB","2001-12-07","23","11618","WR","Jalen McMillan"
"NULL","1977-08-03","45","167","QB","Tom Brady"
"WAS","1995-12-26","29","4219","RB","Jeremy McNichols"
"LAC","NULL","NULL","13202","WR","Dalevon Campbell"
"CAR","NULL","NULL","12963","RB","Kayron Lynch-Adams"
"GB","1998-07-14","27","10983","QB","Sean Clifford"
"NULL","1988-04-15","29","2284","WR","Fred Williams"
"NULL","1991-02-07","30","1413","WR","Markus Wheaton"
"NULL","1993-03-16","28","3555","WR","Canaan Severin"
"NULL","1998-05-27","23","7272","TE","Dylan Stapleton"
"LAR","1992-12-24","32","2133","WR","Davante Adams"
"PIT","1983-12-02","41","96","QB","Aaron Rodgers"
"WAS","1996-01-15","29","5872","WR","Deebo Samuel"
"NULL","1998-12-08","26","8820","RB","Troy Hairston"
"NULL","1997-01-28","24","6492","WR","Terry Wright"
"NULL","1993-09-04","28","4042","RB","Joe Williams"
"NULL","1999-05-28","25","12408","QB","Michael Hiers"
"MIN","2002-09-25","22","12941","TE","Bryson Nesbit"
"NULL","1993-11-18","29","4420","WR","Cody Hollister"
"JAX","2000-12-27","24","9480","TE","Brenton Strange"
"NO","1999-09-28","25","12545","QB","Tyler Shough"
"NULL","1999-08-10","24","8198","WR","Charleston Rambo"
"NULL","1990-10-22","26","2090","TE","Ted Bolser"
"NYJ","1989-08-03","36","827","QB","Tyrod Taylor"
"NULL","1997-07-27","27","6352","RB","Matt Colburn"
"NULL","1993-06-24","30","2822","WR","Adam Humphries"
"NULL","1998-08-06","25","6985","WR","Dezmon Patmon"
"NULL","1996-08-27","25","6107","WR","Emmanuel Butler"
"NULL","1992-12-21","32","2787","WR","David Porter"
"TB","1995-04-14","30","4892","QB","Baker Mayfield"
"ARI","1995-05-05","30","4137","RB","James Conner"
"NULL","NULL","NULL","12277","QB","John Matocha"
"NULL","1994-10-05","27","5608","WR","Devonte Boyd"
"PHI","1999-11-14","25","10862","QB","Dorian Thompson-Robinson"
"NULL","1992-05-28","29","3640","RB","Soma Vainuku"
"NYJ","2000-08-11","24","8145","TE","Jeremy Ruckert"
"NO","2000-02-05","25","12068","TE","Mason Pline"
"NULL","1992-08-24","28","2506","RB","Josh Robinson"
"NULL","1994-12-30","27","4696","RB","Trey Edmunds"
"ATL","2000-04-29","25","11961","QB","Emory Jones"
"IND","2002-05-24","23","12518","TE","Tyler Warren"
"NULL","NULL","NULL","8203","TE","Jeremiah Hall"
"NULL","1990-05-18","27","2837","WR","Travis Harvey"
"NULL","1994-09-03","27","4232","RB","Matthew Dayes"
"NULL","1992-02-28","28","1819","RB","Orleans Darkwa"
"WAS","1997-08-20","27","7106","TE","Lawrence Cager"
"NULL","1986-05-15","34","1050","WR","Marcus Thigpen"
"NULL","1999-12-10","25","12191","TE","Trent Pennix"
"NULL","1997-01-12","25","5997","WR","Jazz Ferguson"
"NULL","1997-01-17","24","7063","QB","Shea Patterson"
"NULL","1990-12-15","31","1678","WR","Uzoma Nwachukwu"
"NULL","1990-08-22","33","928","WR","Randall Cobb"
"NULL","1989-10-12","32","1046","WR","Rishard Matthews"
"LAC","1996-11-12","28","5347","RB","Nyheim Miller-Hines"
"NULL","1995-11-05","26","4456","WR","K.D. Cannon"
"BUF","NULL","NULL","12755","WR","Kelly Akharaiyi"
"NULL","1996-10-19","25","7317","TE","Jared Rice"
"TB","2001-10-25","23","9506","RB","Sean Tucker"
"ARI","1999-05-07","26","7607","RB","Michael Carter"
"GB","1999-05-12","26","8167","WR","Christian Watson"
"NULL","2000-10-23","24","8211","RB","Tyrion Davis-Price"
"NULL","1994-03-20","27","5777","WR","Malachi Jones"
"NULL","1994-10-11","27","5798","WR","Darren Carrington"
"NULL","1992-05-16","29","3456","QB","Joel Stave"
"NULL","1991-02-20","27","2701","WR","AJ Cruz"
"NULL","1996-01-06","28","5432","WR","Cam Sims"
"TEN","2000-04-15","25","7599","RB","Jermar Jefferson"
"NULL","1994-05-21","28","2346","TE","Devin Funchess"
"NULL","1992-03-17","32","2703","WR","Ezell Ruffin"
"ATL","2002-05-22","23","12897","RB","Nathan Carter"
"NULL","1980-06-18","37","55","TE","Visanthe Shiancoe"
"NULL","1992-12-11","29","3505","WR","Dom Williams"
"TEN","1996-02-26","25","5223","WR","Caleb Scott"
"NULL","1988-08-02","33","642","WR","Golden Tate"
"TEN","1999-06-27","26","9999","QB","Will Levis"
"NULL","1988-08-25","32","564","RB","Dexter McCluster"
"NULL","1995-12-23","26","6420","WR","Jon'Vea Johnson"
"LAC","2002-02-28","23","12509","WR","Tre' Harris"
"NULL","1988-08-25","32","968","WR","Greg Salas"
"NULL","1992-01-03","30","2485","WR","Kaelin Clay"
"NULL","1995-06-02","26","6373","WR","A.J. Richardson"
"NULL","1993-06-16","28","4614","WR","Riley McCarron"
"NULL","NULL","NULL","8256","TE","Player Invalid"
"NULL","1994-07-07","27","3384","WR","Demarcus Ayers"
"NULL","1997-08-02","24","7990","RB","Garrett Groshek"
"NULL","1991-12-27","30","1612","QB","Tyler Bray"
"NULL","1998-07-12","24","7279","WR","DeMichael Harris"
"LV","1996-11-09","28","5947","WR","Jakobi Meyers"
"NULL","1999-05-29","24","11529","WR","Ed Lee"
"LV","NULL","NULL","12690","QB","Tommy Mellott"
"NULL","1993-01-03","29","2580","WR","Titus Davis"
"DEN","2001-05-19","24","12778","WR","Jerjuan Newton"
"NULL","1999-11-27","23","11521","WR","Jadakis Bonds"
"MIN","2001-11-28","23","12946","WR","Dontae Fleming"
"NULL","1992-10-09","32","2790","WR","Nigel King"
"NULL","1999-09-14","23","8158","QB","Carson Strong"
"SF","2000-06-28","25","11651","RB","Isaac Guerendo"
"NULL","1998-09-17","24","8613","WR","Taysir Mack"
"NULL","1992-04-24","30","2462","WR","J.J. Nelson"
"NULL","1989-01-17","28","853","WR","Jeff Maehl"
"NULL","1994-02-07","24","3866","WR","Joe Hansley"
"NULL","1996-09-11","25","7353","TE","Bryce Sterk"
"NULL","1996-08-16","25","6246","RB","Jeremy Cox"
"NULL","1994-12-06","27","6237","QB","Wilton Speight"
"NULL","1993-05-13","28","3846","WR","Duke Williams"
"NULL","1995-12-04","26","6392","WR","Johnathan Lloyd"
"NULL","1988-11-08","33","817","WR","Jeremy Kerley"
"NULL","1998-03-02","26","8831","WR","Ethan Fernea"
"NULL","1998-05-31","24","8751","TE","Dylan Parham"
"NULL","2000-03-06","23","11189","WR","Zay Malone"
"NULL","1993-04-14","31","3593","WR","Anthony Kelly"
"NULL","1994-04-12","28","2360","TE","Maxx Williams"
"NULL","1988-07-31","34","830","WR","A.J. Green"
"NULL","2000-02-25","24","11960","TE","Steven Stilianos"
"NULL","NULL","NULL","11578","RB","Player Invalid"
"NULL","1999-08-12","25","12453","WR","Ontaria Wilson"
"MIN","2003-04-30","22","12700","TE","Gavin Bartholomew"
"NULL","1996-09-15","27","8068","WR","C.J. Saunders"
"NULL","1996-10-23","25","5977","WR","Terry Godwin"
"LAR","1993-01-01","32","3271","TE","Tyler Higbee"
"NULL","2000-09-07","22","11267","WR","Aron Cruickshank"
"NULL","NULL","NULL","2906","WR","Bell Braylon"
"NULL","NULL","NULL","7524","WR","Player Invalid"
"NULL","1990-10-20","31","1502","RB","Chris Thompson"
"CIN","2002-04-18","23","12761","WR","Jordan Moore"
"NULL","1981-08-04","36","72","WR","Kevin Walter"
"NULL","1997-02-18","24","7457","WR","Michael Dereus"
"NULL","1998-07-01","25","7174","WR","Juwan Green"
"MIN","2002-12-14","22","12940","RB","Tre Stewart"
"NULL","1992-03-03","29","2342","WR","Devin Smith"
"NULL","1994-01-21","27","3208","RB","Kenneth Dixon"
"HOU","1995-12-27","29","4988","RB","Nick Chubb"
"NULL","1995-11-22","26","4778","WR","Reggie Davis"
"NULL","1991-03-17","34","1535","RB","Cordarrelle Patterson"
"NULL","1985-05-25","34","5833","QB","Kevin O'Connell"
"SF","2000-09-09","24","11638","WR","Ricky Pearsall"
"TB","2002-10-14","22","12514","WR","Emeka Egbuka"
"TB","1998-03-06","27","7605","QB","Kyle Trask"
"NULL","2000-04-23","22","8218","RB","Max Borghi"
"NULL","1996-10-09","25","7435","RB","Cameron Scarlett"
"NULL","1991-01-24","30","1891","TE","Ryan Hewitt"
"NULL","1996-10-07","25","6317","QB","Jacob Dolegala"
"HOU","1999-03-19","26","7569","WR","Nico Collins"
"NULL","1991-07-17","27","2584","WR","Austin Hill"
"DET","1996-06-15","29","6659","RB","Craig Reynolds"
"NULL","1988-12-09","31","887","WR","Denarius Moore"
"NULL","1997-12-15","24","8090","TE","Daniel Crawford"
"NULL","NULL","NULL","11594","TE","Player Invalid"
"NULL","1989-07-27","30","4770","WR","Duplicate Player"
"CAR","2001-07-25","24","9228","QB","Bryce Young"
"LAR","2003-03-07","22","12487","TE","Terrance Ferguson"
"NULL","NULL","NULL","8694","WR","Henry Litwin"
"NULL","NULL","NULL","7544","RB","Player Invalid"
"DET","2000-01-28","25","10221","WR","Ronnie Bell"
"NULL","1991-12-23","28","1880","RB","Lorenzo Taliaferro"
"NULL","1995-02-15","26","6195","WR","Damon Sheehy-Guiseppi"
"NULL","1982-11-04","37","279","WR","Devin Hester"
"NULL","1993-11-03","29","4131","WR","Kenny Golladay"
"MIN","1997-03-21","28","5973","TE","Josh Oliver"
"NULL","1999-01-23","25","11367","WR","Daewood Davis"
"NULL","1998-11-13","24","6870","WR","Bryan Edwards"
"MIN","1999-05-24","26","8408","RB","Jordan Mason"
"ATL","2003-02-28","22","12884","WR","Quincy Skinner"
"NULL","1998-06-16","25","8226","RB","Greg Bell"
"NULL","1991-11-22","26","3951","WR","Justin Berger"
"PIT","1995-01-27","30","5128","QB","Logan Woodside"
"TEN","1999-06-16","26","10869","WR","Matt Landers"
"WAS","2001-04-02","24","11650","WR","Luke McCaffrey"
"NULL","1997-12-23","24","7235","WR","Aleva Hifo"
"NULL","NULL","NULL","8798","QB","Felix Harper"
"NULL","1985-03-15","35","32","TE","Jacob Tamme"
"NULL","1994-01-17","28","6168","WR","John Ursua"
"NULL","1998-04-02","24","6988","RB","Raymond Calais"
"NULL","1992-04-17","32","2635","WR","Vernon Johnson"
"NULL","1996-01-25","25","6263","TE","Trevor Wood"
"CAR","1998-06-14","27","7021","RB","Rico Dowdle"
"NULL","NULL","NULL","11301","WR","Braxton Westfield"
"NULL","1993-11-02","24","3892","WR","Jarvis Turner"
"NO","2000-09-27","24","11895","WR","Mason Tipton"
"NULL","1984-09-28","32","230","WR","Robert Meachem"
"NULL","1996-12-21","25","7228","WR","Ahmad Wagner"
"NULL","1996-06-09","27","5260","WR","Vyncint Smith"
"NULL","1991-02-12","30","1701","WR","Eric Rogers"
"PIT","2001-06-19","24","11630","WR","Roman Wilson"
"CLE","1998-02-03","27","7083","QB","Tyler Huntley"
"NULL","1984-09-21","32","764","WR","Derek Hagan"
"DEN","2001-10-01","23","12735","TE","Caleb Lohner"
"NULL","1991-10-05","28","1463","RB","Knile Davis"
"NULL","NULL","NULL","12288","RB","Mathieu Severance"
"NULL","NULL","NULL","7570","WR","Player Invalid"
"NULL","1992-01-17","33","2636","WR","Jarred Haggins"
"DAL","2001-03-04","24","8137","WR","George Pickens"
"MIA","1998-06-19","27","5987","RB","Alexander Mattison"
"NULL","NULL","NULL","12046","QB","Chevan Cordeiro"
"NULL","1988-06-16","33","940","WR","Andre Holmes"
"NULL","1995-05-14","26","6396","TE","Austin Fort"
"NULL","1991-12-19","27","2946","WR","Diandre Campbell"
"NULL","2000-08-01","24","8179","RB","Snoop Conner"
"NULL","2000-08-01","24","12066","RB","Elijah Collins"
"NULL","1996-11-13","25","5070","WR","Jordan Lasley"
"NULL","2000-04-16","23","11504","WR","Jose Barbon"
"NULL","1996-10-09","26","5962","WR","KeeSean Johnson"
"TEN","2000-03-23","25","8135","WR","Treylon Burks"
"CAR","2000-06-02","25","7694","TE","Tommy Tremble"
"NULL","1999-06-22","23","8656","WR","Tyshaun James"
"NULL","1997-04-03","24","7418","QB","Broc Rutter"
"NULL","1997-01-06","25","6153","RB","Dexter Williams"
"HOU","2002-04-25","23","13053","WR","Daniel Jackson"
"GB","2000-11-03","24","9484","TE","Tucker Kraft"
"NO","1999-03-10","26","10215","QB","Jake Haener"
"NYG","2001-02-26","24","11597","TE","Theo Johnson"
"NULL","2000-08-28","24","11270","RB","Hassan Hall"
"NULL","1996-10-04","28","5076","RB","John Kelly"
"NULL","NULL","NULL","6091","WR","Jovon Durante"
"NYJ","2004-01-20","21","11576","RB","Braelon Allen"
"NULL","1994-03-03","31","3556","RB","Christian Powell"
"NULL","NULL","NULL","8169","WR","Tre Turner"
"NULL","1995-10-18","26","6371","QB","Drew Anderson"
"BUF","2000-03-27","25","7596","WR","Elijah Moore"
"BAL","1999-08-20","25","8799","TE","Zaire Mitchell-Paden"
"NYJ","2000-07-22","25","8146","WR","Garrett Wilson"
"NULL","1995-07-18","26","5262","WR","Steve Ishmael"
"WAS","1997-11-07","27","6040","TE","Tyree Jackson"
"NULL","1997-07-24","25","8543","WR","Drew Estrada"
"NULL","1995-06-30","29","5209","RB","Mike Boone"
"WAS","1995-05-17","30","4663","RB","Austin Ekeler"
"NULL","1996-08-13","25","7286","WR","Marvelle Ross"
"NULL","1991-10-31","28","2203","TE","Nic Jacobs"
"BAL","2002-01-17","23","9511","RB","Keaton Mitchell"
"NULL","1987-10-16","32","1059","RB","Bobby Rainey"
"NULL","1989-11-09","33","943","TE","Kyle Rudolph"
"ATL","1997-10-06","27","7521","WR","Chris Blair"
"NULL","1996-07-05","27","5902","WR","Penny Hart"
"NULL","1996-11-07","25","7352","WR","Matt Cole"
"CIN","2002-05-13","23","12543","RB","Tahj Brooks"
"NULL","NULL","NULL","6240","WR","Ron'quavion Tarver"
"NULL","1989-08-18","32","1217","WR","Laron Byrd"
"BUF","1997-01-10","28","7438","WR","Kristian Wilkerson"
"NULL","1986-08-04","34","736","RB","Joique Bell"
"NULL","1991-12-03","30","2436","WR","DeAndre Smelter"
"NULL","NULL","NULL","8186","WR","Devon Williams"
"NULL","NULL","NULL","6428","QB","Taylor Cornelius"
"DEN","2000-02-07","25","8208","RB","Tyler Badie"
"NULL","1991-03-07","30","1855","WR","Shaquelle Evans"
"DEN","1990-11-23","32","1604","WR","Nick Williams"
"NULL","1992-06-24","29","3817","WR","Marcus Tucker"
"NULL","NULL","NULL","8908","WR","Brandon Lewis"
"LAR","2000-11-25","24","11586","RB","Blake Corum"
"NULL","1991-02-12","26","1644","QB","Jeff Tuel"
"PHI","1998-10-13","26","11139","WR","Elijah Cooks"
"NULL","1995-12-22","26","6389","TE","Keenen Brown"
"NULL","1996-12-27","26","7339","WR","J.J. Koski"
"NYG","2000-09-22","24","8225","TE","Daniel Bellinger"
"CAR","NULL","NULL","12959","TE","Bryce Pierre"
"NYG","1998-04-19","27","5938","WR","Lil'Jordan Humphrey"
"NULL","NULL","NULL","8252","WR","Travell Harris"
"NULL","1995-12-30","26","5383","WR","Jalen Tolliver"
"NULL","1994-02-25","27","4322","RB","Dalton Crossan"
"PIT","2003-08-14","21","12504","RB","Kaleb Johnson"
"NULL","1991-05-06","30","1362","WR","Josh Boyce"
"NO","2001-01-10","24","12079","TE","Treyton Welch"
"SF","1999-09-25","25","11925","WR","Terique Owens"
"NULL","1997-11-03","24","7065","TE","Eli Wolf"
"NULL","1997-07-28","24","5950","WR","Nyqwan Murray"
"NULL","1990-08-22","31","3476","WR","Johnny Holton"
"NULL","1983-06-09","38","166","WR","Josh Cribbs"
"NULL","1992-09-23","29","2442","WR","Rashad Greene"
"HOU","2000-12-29","24","12474","RB","Woody Marks"
"NULL","1988-09-08","33","618","WR","Arrelious Benn"
"NULL","1995-05-21","26","4545","TE","Keith Towbridge"
"NULL","1995-12-03","26","5637","WR","Garrett Johnson"
"NULL","1992-03-28","29","2142","RB","Rajion Neal"
"NULL","1995-09-02","26","5274","RB","Roc Thomas"
"NULL","1995-01-24","26","5750","TE","Garrett Hudson"
"NULL","1993-12-08","28","4119","WR","ArDarius Stewart"
"LAR","1999-09-08","25","11644","RB","Cody Schrader"
"CHI","1996-06-25","25","6465","WR","Thomas Ives"
"KC","1996-11-22","28","4040","WR","JuJu Smith-Schuster"
"PIT","1997-06-04","28","8206","QB","Skylar Thompson"
"NULL","1997-05-15","25","7316","RB","Darius Bradwell"
"HOU","1999-11-18","25","12171","RB","British Brooks"
"NULL","1999-04-17","24","11214","QB","Tanner Morgan"
"NULL","1987-08-15","34","1246","TE","Dominique Jones"
"SF","1996-01-22","29","5110","WR","Russell Gage"
"NULL","1996-10-29","25","6363","WR","Michael Walker"
"MIA","1994-03-01","31","3321","WR","Tyreek Hill"
"MIN","1998-05-15","27","8013","WR","Tim Jones"
"NULL","1994-07-16","27","4571","TE","Blake Jarwin"
"GB","2001-06-07","24","13074","WR","Isaiah Neyor"
"NULL","2000-06-18","24","12198","WR","Wayne Ruby"
"ATL","1995-09-15","29","6185","QB","Easton Stick"
"NULL","2000-07-18","25","12224","WR","David White"
"NULL","1997-05-26","24","6361","WR","Raphael Leonard"
"NULL","1995-01-31","26","4153","TE","Jordan Leggett"
"NULL","1999-09-21","24","11081","WR","Cephus Johnson"
"NULL","1999-04-23","25","8197","TE","Peyton Hendershot"
"NULL","1995-07-20","26","6664","RB","A.J. Ouellette"
"TB","1993-08-21","31","2216","WR","Mike Evans"
"LAR","1999-10-07","25","7562","WR","Tutu Atwell"
"NULL","1996-11-28","25","6959","RB","LeVante Bellamy"
"NULL","1992-08-05","32","2674","WR","Paul Browning"
"NULL","1998-08-03","25","11357","WR","Tyler Adams"
"NULL","1992-11-15","29","3470","WR","Paul McRoberts"
"NYG","1996-12-15","25","7149","TE","Tommy Stevens"
"NULL","NULL","NULL","8817","TE","Nolan Givan"
"ATL","2000-04-15","25","8132","RB","Tyler Allgeier"
"NULL","1994-03-24","27","5762","WR","Josh Smith"
"NULL","1990-06-08","27","1915","TE","Rob Blanchflower"
"CAR","2002-09-12","22","12523","WR","Jimmy Horn"
"NULL","1994-04-16","27","3157","WR","William Fuller"
"TEN","2000-10-26","24","8254","RB","Julius Chestnut"
"TEN","1996-10-13","25","5288","TE","Donnie Ernsberger"
"NULL","1991-05-28","30","1790","TE","Blake Annen"
"ATL","1997-01-21","28","8107","TE","Nikola Kalinic"
"NULL","1998-09-27","24","11172","WR","Shae Wyatt"
"NULL","1991-12-08","33","6779","WR","Jordan Harris"
"DEN","2001-02-04","24","12489","RB","RJ Harvey"
"NULL","1986-11-11","35","350","QB","Mark Sanchez"
"NULL","1994-01-19","27","4324","WR","Trey Griffey"
"NULL","1986-11-10","33","352","TE","Chase Coffman"
"NULL","1988-07-17","33","963","TE","Luke Stocker"
"NULL","1996-12-11","26","7244","WR","Ja'Marcus Bradley"
"NULL","1994-06-25","27","3398","WR","Kenny Lawler"
"NULL","1996-01-26","25","5294","WR","Mikah Holder"
"NULL","1996-02-05","25","4519","RB","Devine Redding"
"NULL","1994-12-10","27","5259","RB","Lavon Coleman"
"NULL","1990-09-17","31","1333","WR","Russell Shepard"
"NULL","1990-11-10","29","1681","RB","George Winn"
"NULL","1990-10-04","31","2106","QB","David Fales"
"NULL","1998-04-20","25","7107","RB","Jason Huntley"
"NULL","2000-02-19","24","12283","RB","Dylan McDuffie"
"NULL","1993-05-04","25","3877","RB","Kelsey Young"
"NULL","1992-05-03","32","2161","RB","Jerick McKinnon"
"KC","1999-04-26","26","8157","QB","Bailey Zappe"
"NO","1997-05-11","28","8223","WR","Velus Jones"
"NULL","NULL","NULL","8427","RB","Player Invalid"
"NULL","1989-09-18","32","1490","WR","Terrance Williams"
"NULL","1992-06-16","26","2700","WR","Levi Norwood"
"NULL","1998-02-07","23","7001","RB","Brian Herrien"
"NULL","1983-05-14","38","232","RB","Frank Gore"
"NULL","1992-03-20","29","5786","WR","Marcus Peterson"
"NULL","1997-08-27","24","6159","RB","Mike Weber"
"NULL","1991-12-27","33","2820","RB","Dominique Brown"
"NULL","NULL","NULL","7960","WR","T.J. Simmons"
"NULL","1997-09-12","25","8663","WR","Jared Bernhardt"
"NULL","1998-11-13","25","7867","RB","Spencer Brown"
"NULL","1981-07-05","36","386","WR","Brandon Lloyd"
"JAX","1998-08-19","26","7535","TE","Hunter Long"
"NULL","1990-05-29","30","1139","TE","Ladarius Green"
"GB","2001-11-22","23","12482","WR","Savion Williams"
"GB","2002-03-27","23","13190","QB","Taylor Elgersma"
"NULL","1984-11-20","32","66","RB","Tashard Choice"
"MIA","NULL","NULL","8088","TE","Kalif Jackson"
"NULL","1988-09-24","33","919","WR","Aldrick Robinson"
"NULL","1990-11-05","26","1424","WR","Alan Bonner"
"NULL","1995-07-17","27","5142","QB","Kurt Benkert"
"NULL","1989-04-28","33","1546","RB","Kenjon Barner"
"TB","1999-02-28","26","11384","RB","Owen Wright"
"NULL","1995-04-06","26","5772","WR","Aaron Lacombe"
"NULL","1994-05-07","27","4164","TE","Michael Roberts"
"NULL","1995-01-29","26","5929","WR","Anthony Johnson"
"NULL","1995-12-27","26","5163","RB","Ryan Nall"
"NULL","NULL","NULL","5216","WR","Ervin Philips"
"TEN","2000-05-19","25","11959","WR","Bryce Oliver"
"DAL","1999-09-23","25","11511","TE","John Stephens"
"NULL","1994-10-26","27","4835","RB","Darrius Sims"
"NULL","1997-09-08","26","7530","WR","Frank Darby"
"NULL","2001-05-30","24","13119","QB","Collin Schlee"
"NULL","1997-10-14","26","6909","WR","Lynn Bowden"
"NULL","1984-10-08","32","65","WR","Domenik Hixon"
"NULL","1994-08-05","28","3445","WR","Marcus Johnson"
"NULL","1992-12-03","29","3178","WR","Josh Doctson"
"NULL","1997-03-04","25","7378","TE","Kyle Markway"
"NULL","1990-01-16","30","1628","TE","Joseph Fauria"
"NULL","1990-05-09","30","1742","WR","Brenton Bersin"
"NULL","1999-12-23","25","8253","WR","Deven Thompkins"
"NULL","1986-04-22","35","745","RB","Marshawn Lynch"
"NULL","2000-03-15","23","11526","WR","Malachi Carter"
"NULL","1969-10-10","48","462","QB","Brett Favre"
"NULL","1996-12-10","25","7465","QB","Nick Tiano"
"NULL","1997-06-07","27","6421","WR","Jalen Guyton"
"NULL","1993-05-28","29","4468","TE","Antony Auclair"
"BAL","2000-09-08","24","11964","WR","Dayton Wade"
"NULL","1993-08-28","30","3695","TE","J.P. Holtz"
"NULL","NULL","NULL","4941","WR","Dontre Wilson"
"NULL","1998-07-29","23","7623","WR","Darece Roberson"
"NYJ","1997-04-13","28","8861","WR","Irvin Charles"
"NULL","1996-07-16","25","6697","WR","Floyd Allen"
"NULL","1994-02-12","27","3170","QB","Paxton Lynch"
"NULL","1993-02-23","28","3407","TE","Beau Sandland"
"TB","1997-04-16","28","7703","WR","Jacob Harris"
"NULL","1995-02-16","26","5558","RB","Marcus Martin"
"DET","1993-11-23","31","4351","WR","Tim Patrick"
"NULL","1978-02-14","39","41","QB","David Garrard"
"NULL","2001-01-09","24","11276","WR","Joseph Ngata"
"NULL","1988-06-09","29","1432","WR","Jeremy Kelley"
"NULL","1990-11-10","29","2019","QB","Aaron Murray"
"NULL","2000-05-26","24","12355","WR","Treveyon Pratt"
"NULL","1991-09-26","33","2846","WR","Marquez Clark"
"NULL","1997-02-10","25","4863","QB","Josh Rosen"
"NULL","2001-01-08","23","11190","WR","Keilahn Harris"
"NULL","1985-01-18","35","469","TE","Matthew Mulligan"
"NULL","1988-03-31","29","542","TE","Dorin Dickerson"
"JAX","NULL","NULL","12909","WR","Eli Pancol"
"NULL","1994-12-28","27","5108","QB","Luke Falk"
"NULL","NULL","NULL","6490","TE","Mik'Quan Deane"
"NULL","1994-12-19","27","4108","WR","Carlos Henderson"
"NULL","1993-06-17","31","2410","WR","Jamison Crowder"
"PIT","2000-10-26","24","9220","RB","Evan Hull"
"NULL","1997-11-24","27","6984","RB","Tony Jones"
"NULL","1993-04-02","25","3901","RB","Brandon Johnson"
"WAS","2002-06-14","23","11596","TE","Ben Sinnott"
"IND","1990-05-05","31","1706","TE","Jack Doyle"
"BAL","1994-01-04","31","3198","RB","Derrick Henry"
"NULL","1991-09-23","33","3588","TE","Michael Miller"
"PIT","NULL","NULL","4926","QB","Nick Schuessler"
"NULL","1995-08-06","26","4829","WR","Daniel Williams"
"NULL","1991-06-19","29","2530","RB","Joey Iosefa"
"NULL","1988-09-10","29","935","TE","DJ Williams"
"NULL","1992-08-31","29","2495","TE","Nick O'Leary"
"TEN","2002-05-25","23","12522","QB","Cameron Ward"
"NULL","1997-05-04","27","6885","RB","Ke'Shawn Vaughn"
"NULL","1999-01-21","25","11387","WR","Sean Ryan"
"NULL","1991-07-21","30","2262","RB","Trey Millard"
"NULL","1998-08-16","23","7426","WR","Seth Dawkins"
"CLE","1999-09-12","25","8143","RB","Jerome Ford"
"BAL","1996-02-27","29","6694","RB","D'Ernest Johnson"
"MIN","2003-03-15","22","12496","WR","Tai Felton"
"NULL","1993-04-18","28","3599","WR","Dez Stewart"
"NULL","1988-03-16","32","1306","WR","Jeremy Ross"
"NULL","2001-02-02","24","11652","RB","Louis Rees-Zammit"
"NULL","1997-06-03","24","7734","TE","Bruno Labelle"
"NULL","1991-03-31","27","2041","WR","Torrence Allen"
"NULL","1991-03-29","30","2714","TE","Gabe Holmes"
"SEA","2002-09-06","22","12656","TE","Robbie Ouzts"
"CHI","1997-09-12","27","6847","WR","Devin Duvernay"
"NULL","1994-09-14","27","5211","WR","Jake Wieneke"
"TEN","1994-10-03","30","5257","QB","Tim Boyle"
"CLE","1993-04-10","32","2750","WR","DeAndre Carter"
"LAR","2001-05-29","24","9493","WR","Puka Nacua"
"NULL","2002-03-18","22","12019","WR","Devin Carter"
"CIN","1999-10-15","25","10226","WR","Andrei Iosivas"
"NULL","1995-04-02","26","4285","WR","Robert Davis"
"NULL","1998-12-09","24","8248","WR","Kalil Pimpleton"
"NULL","1996-06-22","25","5431","WR","Shay Fields"
"NULL","1992-11-24","29","2397","TE","Jeff Heuerman"
"NULL","1979-11-28","37","761","QB","Brian St Pierre"
"NULL","1995-09-15","26","5167","QB","Dalton Sturm"
"KC","NULL","NULL","13116","TE","Tre Watson"
"NULL","1999-01-02","24","8189","RB","Trestan Ebner"
"NULL","1993-07-24","28","3842","TE","Ryan O'Malley"
"NULL","1994-02-02","30","3312","RB","Jonathan Williams"
"NULL","1992-09-18","27","2245","TE","Troy Niklas"
"NE","1996-09-12","28","6996","RB","JaMycal Hasty"
"NULL","NULL","NULL","11614","WR","Player Invalid"
"NULL","1997-07-01","27","7191","WR","Jaylon Moore"
"NULL","1996-09-08","25","5976","RB","Karan Higdon"
"NULL","1991-10-22","28","1951","TE","C.J. Fiedorowicz"
"NULL","1984-05-30","33","50","QB","Jordan Palmer"
"NULL","1998-04-11","24","6906","TE","Antonio Gandy-Golden"
"NULL","1987-03-28","33","604","RB","Toby Gerhart"
"NULL","2000-11-13","24","12245","WR","Jelani Baker"
"BUF","2002-08-13","22","12765","TE","Keleki Latu"
"NULL","NULL","NULL","12095","TE","Jjay Mcafee"
"NYJ","2002-03-21","23","11617","WR","Malachi Corley"
"NULL","1983-02-06","34","723","RB","Michael Robinson"
"NULL","1986-03-10","34","831","WR","Andrew Hawkins"
"NULL","1993-01-27","31","2673","WR","Damiere Byrd"
"NULL","1996-05-28","25","6710","RB","Josh Caldwell"
"TEN","1994-12-20","30","4981","WR","Calvin Ridley"
"NYJ","1995-02-16","30","4171","WR","Josh Reynolds"
"NULL","1997-03-27","27","6926","TE","Brycen Hopkins"
"NULL","1996-12-27","25","7893","RB","Dedrick Mills"
"NO","1998-01-28","27","7946","TE","Jack Stoll"
"NULL","1986-08-24","34","669","RB","Arian Foster"
"NULL","1990-03-10","30","1495","QB","Ryan Nassib"
"NULL","1994-03-23","27","3275","WR","Ricardo Louis"
"LAC","1997-12-17","27","7729","WR","Dez Fitzpatrick"
"NULL","NULL","NULL","12465","RB","Player Invalid"
"NULL","1996-09-12","25","5279","WR","Quadree Henderson"
"NULL","1997-02-22","27","7439","TE","Tommy Hudson"
"NULL","1987-09-09","33","582","WR","Riley Cooper"
"NULL","1998-11-12","23","8077","RB","Otis Anderson"
"NULL","1992-03-05","33","2935","WR","Ricky Collins"
"NULL","1995-03-19","26","5722","WR","Darvin Kidsy"
"NULL","1994-10-07","28","3328","WR","Rashard Higgins"
"SF","1999-11-11","25","10224","TE","Brayden Willis"
"NULL","NULL","NULL","12463","RB","Player Invalid"
"NULL","1981-07-11","39","92","WR","Andre Johnson"
"NULL","1991-10-01","30","2373","TE","Clive Walford"
"NULL","1983-02-15","34","688","TE","Tony Scheffler"
"JAX","2001-08-21","23","12906","WR","Cam Camper"
"CLE","1998-06-06","27","8160","QB","Kenny Pickett"
"PIT","2001-08-17","23","9479","TE","Darnell Washington"
"NULL","1994-05-26","27","4244","RB","Devante Mays"
"LV","1998-08-24","26","7752","WR","Kawaan Baker"
"PHI","2002-08-29","22","11577","RB","Will Shipley"
"TEN","2001-12-14","23","12540","WR","Chimere Dike"
"NULL","1989-11-04","28","1173","WR","Jarrett Boykin"
"NULL","1993-02-27","28","3978","QB","Jacob Huesman"
"PHI","1997-06-30","28","5859","WR","A.J. Brown"
"NULL","1983-08-18","37","374","QB","Dan Orlovsky"
"SF","1996-06-07","29","4034","RB","Christian McCaffrey"
"NULL","1988-09-21","33","988","WR","Doug Baldwin"
"NYG","1996-11-26","28","6699","WR","Gunner Olszewski"
"NULL","1995-01-19","26","4738","WR","Colby Pearson"
"NULL","1991-11-15","27","2867","TE","Mike McFarland"
"NULL","1992-01-10","30","2487","WR","Geremy Davis"
"CLE","1996-07-05","29","5937","WR","Diontae Johnson"
"NULL","1999-04-10","24","11102","RB","Charles McClelland"
"NULL","1996-07-14","25","7056","WR","Darrell Stewart"
"KC","1994-06-01","27","4263","RB","Elijah McGuire"
"BUF","2002-09-06","22","12721","WR","Kaden Prather"
"LAC","2000-01-30","25","11940","WR","JaQuae Jackson"
"NULL","1992-02-14","26","2571","TE","Jeff Luc"
"NULL","1992-10-21","29","3883","RB","Romar Morris"
"NULL","1994-11-04","27","4162","WR","Ryan Switzer"
"NULL","2000-09-11","22","11148","WR","Tyler Hudson"
"NULL","1997-09-30","24","6967","WR","Aaron Fuller"
"NULL","1994-11-14","27","4678","TE","Tyrone Swoopes"
"NULL","1998-11-16","24","11351","TE","Thomas Greaney"
"NULL","1999-10-18","23","11163","QB","Tim DeMorat"
"NULL","1991-12-21","28","2295","WR","Kevin Smith"
"NULL","1991-01-27","30","2075","QB","Dustin Vaughan"
"NULL","1995-02-28","29","4455","RB","Matt Breida"
"NULL","1989-01-31","32","2291","WR","Dontrelle Inman"
"NULL","1998-09-08","24","8240","RB","BJ Baylor"
"NYJ","1999-03-05","26","7591","QB","Justin Fields"
"NULL","NULL","NULL","8824","WR","Samson Nacua"
"NULL","1995-06-27","26","6460","TE","Cole Herdman"
"NULL","1994-02-16","27","5714","WR","Tim Wilson"
"NULL","1999-11-10","25","12173","WR","Jaxon Janke"
"BAL","1994-12-26","30","5134","WR","Keith Kirkwood"
"NULL","1993-03-21","28","3447","WR","Cayleb Jones"
"NULL","1994-06-17","30","2309","WR","Amari Cooper"
"NULL","1998-01-11","26","7771","RB","Jake Funk"
"NULL","1994-02-16","27","3397","RB","Keith Marshall"
"NULL","1993-12-16","28","4599","WR","Michael Rector"
"NULL","1993-10-07","28","4406","QB","Wes Lunt"
"NULL","1993-04-16","29","2378","RB","Tevin Coleman"
"PHI","1997-02-09","28","4866","RB","Saquon Barkley"
"NULL","1998-03-13","25","8778","TE","Justin Rigg"
"NULL","1990-07-03","31","1500","TE","Jordan Reed"
"NO","2001-07-04","24","13217","QB","Hunter Dekkers"
"NULL","NULL","NULL","2921","TE","Taylor Sloat"
"NULL","1998-03-31","24","8424","RB","Kevin Marks"
"NULL","1993-05-04","25","3672","WR","David Richards"
"NULL","1998-10-08","24","8152","RB","Kennedy Brooks"
"NULL","1994-10-04","30","4068","WR","Mike Williams"
"NULL","2000-06-23","24","12370","WR","Praise Olatoke"
"NULL","1988-01-14","32","474","WR","Hakeem Nicks"
"CAR","1999-08-11","25","8170","TE","James Mitchell"
"CAR","NULL","NULL","12488","WR","Kobe Hudson"
"NULL","1992-04-03","31","1833","RB","Damien Williams"
"NULL","1995-06-21","26","5787","WR","Bryce Bobo"
"NULL","1988-04-16","30","523","RB","Joe McKnight"
"NULL","1994-03-18","27","4791","RB","Darius Victor"
"NULL","NULL","NULL","8440","WR","Player Invalid"
"DET","NULL","NULL","13110","TE","Zach Horton"
"NULL","1987-06-12","33","570","WR","Seyi Ajirotutu"
"NULL","2000-03-08","24","12144","WR","Je'Quan Burton"
"NULL","1995-05-26","29","6662","TE","Parker Hesse"
"CHI","2001-09-15","23","12036","RB","Ian Wheeler"
"NULL","1995-08-10","26","5140","WR","Jaelon Acklin"
"NULL","1987-12-03","32","1323","TE","Sean McGrath"
"NULL","NULL","NULL","4929","WR","Ahmad Fulwood"
"NULL","1987-08-05","33","507","RB","C.J. Spiller"
"NULL","1986-06-24","34","4825","WR","Freddie Brown"
"NULL","1991-04-13","31","1244","WR","Josh Gordon"
"NULL","1990-11-09","31","1596","RB","Christine Michael"
"TEN","1997-04-30","28","5967","RB","Tony Pollard"
"NULL","1996-07-20","25","5384","WR","Jonah Trinnaman"
"DEN","1997-12-05","27","8076","WR","Michael Bandy"
"NULL","1985-04-12","36","695","WR","Ted Ginn"
"BUF","NULL","NULL","12756","WR","Stephen Gosnell"
"SEA","1999-12-16","25","12048","RB","George Holani"
"ARI","1999-03-23","26","10217","QB","Clayton Tune"
"NULL","1992-10-09","29","3392","RB","Daniel Lasco"
"NULL","1982-08-29","35","697","RB","Leon Washington"
"NYG","2001-04-10","24","12888","WR","Dalen Cambre"
"NULL","1987-07-02","33","584","TE","Clay Harbor"
"NULL","1998-10-15","23","7437","WR","Kyle Williams"
"WAS","2002-05-01","23","12641","WR","Jaylin Lane"
"NULL","1993-05-29","31","3454","WR","Danny Anthrop"
"NULL","1998-12-02","24","11496","WR","Braydon Johnson"
"NULL","1997-12-20","24","7379","TE","Rysen John"
"NULL","1993-05-04","27","2458","RB","Karlos Williams"
"NULL","1990-01-09","32","1114","WR","Justin Blackmon"
"NULL","1990-12-07","29","2132","WR","Jared Abbrederis"
"LV","2001-03-08","24","10213","WR","Tre Tucker"
"NULL","1997-08-19","26","5916","RB","Darrell Henderson"
"NULL","1996-09-07","28","6069","WR","Stanley Morgan"
"NULL","1988-12-13","33","3908","TE","Eric Wallace"
"NULL","1999-12-15","25","12165","QB","Spencer Sanders"
"ARI","1999-11-22","25","8130","TE","Trey McBride"
"NULL","1999-09-14","23","10211","RB","Camerun Peoples"
"NULL","1976-03-24","44","294","QB","Peyton Manning"
"NULL","1992-05-20","29","3463","RB","Jhurell Pressley"
"JAX","1999-01-21","26","7536","TE","Quintin Morris"
"NULL","1995-10-27","26","6163","WR","Alex Wesley"
"NULL","1995-11-30","26","6491","RB","Adam Choice"
"NULL","1989-12-21","30","1275","RB","Jonathan Grimes"
"IND","2000-05-02","25","8142","WR","Alec Pierce"
"NULL","1987-11-08","33","621","QB","Sam Bradford"
"NULL","1999-08-20","24","11298","TE","Ryan Jones"
"NULL","1992-02-25","29","2465","WR","Kenny Bell"
"NULL","1997-11-20","27","7045","RB","Joshua Kelley"
"NULL","1996-05-31","27","7086","WR","John Hightower"
"NULL","1992-12-01","27","2544","WR","Tre McBride"
"NULL","1996-11-17","25","7616","WR","Kai Locksley"
"NULL","1997-02-23","24","6548","RB","Marcus Marshall"
"NULL","NULL","NULL","11634","WR","Player Invalid"
"NULL","1993-05-19","28","3344","TE","David Morgan"
"NULL","1997-02-19","26","7210","WR","Kendall Hinton"
"NULL","1992-05-22","32","2875","RB","Tony Creecy"
"NULL","1983-02-19","34","87","TE","Jeff King"
"IND","1997-12-28","27","6964","TE","Sean McKeon"
"NULL","1992-04-10","25","2048","RB","Marion Grice"
"HOU","2001-04-11","24","11648","QB","Kedon Slovis"
"NE","1994-12-07","30","3214","TE","Hunter Henry"
"NULL","NULL","NULL","5109","WR","Duplicate Player"
"NULL","1992-11-16","25","3863","QB","Joe Licata"
"NULL","1987-05-11","33","396","WR","Louis Murphy"
"NULL","1991-05-30","26","2272","TE","Chase Dixon"
"NULL","1988-04-06","29","534","WR","Carlton Mitchell"
"NULL","1987-08-31","30","496","WR","Brandon Gibson"
"NULL","1986-07-24","34","1014","TE","Richie Brockel"
"NULL","1995-11-10","26","7336","RB","James Gilbert"
"NULL","1994-02-01","27","4522","WR","Carlton Agudosi"
"NULL","1999-09-19","25","12254","WR","Phillip Brooks"
"NULL","1995-03-06","27","5277","TE","Deon Yelder"
"NULL","NULL","NULL","2925","WR","Darius Davis"
"BUF","1994-08-20","30","3976","QB","Mitchell Trubisky"
"NULL","2001-04-13","24","12215","TE","Kevin Foelsch"
"NULL","NULL","NULL","7584","WR","Brennan Eagles"
"NULL","1991-10-31","30","3063","WR","Jordan Leslie"
"JAX","1999-10-06","25","7523","QB","Trevor Lawrence"
"NULL","1999-01-31","25","8164","QB","Matt Corral"
"NYG","2003-05-13","22","12508","QB","Jaxson Dart"
"NULL","1988-05-16","29","173","WR","Andy Tanner"
"NE","2001-06-14","24","11605","TE","Jaheim Bell"
"NULL","1990-02-02","30","1724","WR","Rashad Ross"
"NULL","1987-03-10","33","40","TE","Martellus Bennett"
"NULL","1989-01-26","32","826","WR","Torrey Smith"
"NULL","1990-04-12","30","1265","RB","Daryl Richardson"
"NULL","1989-03-01","28","1771","WR","M Harris"
"NULL","1995-01-07","27","5207","WR","Marchie Murdock"
"NULL","NULL","NULL","7897","QB","Roland Rivers"
"NULL","NULL","NULL","8700","WR","Savon Scarver"
"NULL","1988-11-14","28","1491","RB","Michael Cox"
"NULL","1994-02-24","27","3472","TE","David Grinnage"
"DEN","1994-09-02","30","4066","TE","Evan Engram"
"NULL","1989-10-22","30","1225","RB","LaMichael James"
"NULL","2000-03-10","23","11329","WR","Josh Vann"
"WAS","2001-04-12","24","12533","RB","Jacory Croskey-Merritt"
"NULL","1992-05-08","26","3856","TE","Braxton Deaver"
"NULL","NULL","NULL","6524","WR","Jamire Jordan"
"NYG","1992-04-10","33","3048","TE","Chris Manhertz"
"NULL","1995-07-22","29","3164","RB","Ezekiel Elliott"
"NULL","1997-01-14","24","6227","WR","Nick Easley"
"NULL","1986-07-12","31","151","WR","Lavelle Hawkins"
"NULL","1993-09-01","28","3310","WR","Jordan Payton"
"NULL","1988-06-27","32","874","TE","Julius Thomas"
"NULL","1997-06-07","25","8087","QB","K.J. Costello"
"NULL","1990-06-17","34","3052","WR","Kendrick Ings"
"DAL","1995-04-03","30","5903","QB","Will Grier"
"NULL","1998-07-07","26","6886","WR","Chase Claypool"
"NE","1998-06-23","27","6945","RB","Antonio Gibson"
"NULL","1992-04-12","29","2732","TE","Connor Hamlett"
"NULL","1989-05-11","32","954","QB","Cam Newton"
"NULL","1994-01-07","28","4704","QB","Tyler Ferguson"
"NULL","1994-05-24","24","3711","WR","Quinshad Davis"
"TB","2001-06-09","24","12787","RB","Josh Williams"
"NULL","1998-03-25","23","6932","TE","Charlie Taumoepeau"
"NULL","1985-06-20","32","222","WR","Josh Morgan"
"NULL","1996-06-20","25","5144","RB","Malik Williams"
"ATL","2000-03-15","25","8227","TE","Teagan Quitoriano"
"NULL","2001-06-17","22","9223","RB","Tiyon Evans"
"NULL","1988-08-08","29","906","RB","Phillip Tanner"
"NULL","1998-07-28","24","8232","WR","Jaquarii Roberson"
"NULL","1983-06-05","37","201","WR","Marques Colston"
"NULL","1997-12-05","25","11111","WR","Sy Barnett"
"NULL","1994-01-25","26","2375","WR","Jaelen Strong"
"NULL","1988-09-25","33","3148","WR","Anthony Dable"
"NULL","1993-02-25","32","2898","TE","Cameron Clear"
"NULL","1986-07-22","34","108","WR","Steve Johnson"
"NULL","1998-03-28","23","6362","WR","Dredrick Snelson"
"MIN","2003-01-20","22","11565","QB","J.J. McCarthy"
"SEA","2001-01-02","24","11859","QB","John Rhys Plumlee"
"NULL","1993-05-26","27","2488","WR","Evan Spencer"
"NULL","1994-01-30","27","3547","TE","Braedon Bowman"
"NULL","1999-06-17","26","8171","WR","Kyle Philips"
"NULL","1997-07-27","25","6385","RB","Matt Colburn"
"NULL","1987-11-02","32","999","WR","Marcus Easley"
"LV","2000-09-10","24","8220","RB","Sincere McCormick"
"NULL","NULL","NULL","12039","RB","TD Ayo-Durojaiye"
"NULL","1986-10-07","36","490","QB","Chase Daniel"
"NO","1998-08-31","26","8676","WR","Rashid Shaheed"
"NULL","1987-11-19","32","1022","QB","Thaddeus Lewis"
"CHI","1997-07-23","28","6271","WR","Olamide Zaccheaus"
"NULL","1994-12-27","25","4879","WR","Francis Owusu"
"NULL","1995-12-30","26","5756","TE","Garrett Dickerson"
"NULL","2000-05-18","24","11848","QB","Casey Bauman"
"NULL","1980-06-26","40","461","QB","Michael Vick"
"NULL","2000-09-14","24","11885","WR","Ramel Keyton"
"NULL","1995-12-19","26","5391","WR","Steven Dunbar"
"NULL","1984-10-25","33","86","TE","Dante Rosario"
"NULL","NULL","NULL","8133","WR","Player Invalid"
"LAC","1997-09-15","24","6866","WR","KJ Hill"
"NULL","1992-01-13","33","2756","TE","Andrew Gleichert"
"NULL","NULL","NULL","3026","QB","Mike Hartline"
"NULL","1989-06-22","31","1221","QB","Ryan Lindley"
"NULL","1993-12-25","28","4416","WR","Austin Carr"
"NULL","1996-03-17","25","5135","WR","Saeed Blacknall"
"NULL","1999-04-12","25","12086","WR","Cam Johnson"
"NULL","1992-08-15","32","2651","QB","Phillip Sims"
"NULL","1993-06-11","28","4660","TE","Sean Culkin"
"SF","1998-10-21","26","6920","WR","Isaiah Hodgins"
"NULL","1992-06-12","29","3485","TE","Henry Krieger-Coble"
"LV","2003-12-02","21","12527","RB","Ashton Jeanty"
"DAL","2001-04-20","24","10225","WR","Jonathan Mingo"
"NULL","1991-04-15","30","3516","WR","Mitch Mathews"
"IND","2002-09-13","22","12470","QB","Riley Leonard"
"NULL","2000-04-13","24","12118","TE","Jacob Warren"
"NULL","1993-10-22","28","4827","WR","Germone Hopper"
"CAR","2003-03-18","22","12473","TE","Mitchell Evans"
"NULL","1998-12-10","25","8428","RB","Zander Horvath"
"NULL","1990-03-15","30","1102","WR","Keshawn Martin"
"MIN","NULL","NULL","12880","WR","Silas Bolden"
"NULL","1994-02-04","27","5280","TE","Pharoah McKever"
"WAS","1999-09-26","25","10219","RB","Chris Rodriguez"
"NULL","1994-03-26","27","4051","QB","Chad Kelly"
"NULL","1994-08-12","27","4563","TE","Taylor McNamara"
"NULL","1996-03-27","26","5271","RB","Buddy Howell"
"NULL","1996-02-02","28","4985","RB","Rashaad Penny"
"NULL","1994-06-08","27","4725","TE","Phazahn Odom"
"NULL","1993-11-01","28","3810","RB","Brandon Burks"
"GB","1998-03-12","27","5917","WR","Mecole Hardman"
"NULL","1991-11-07","33","2945","RB","Lee Ward"
"CHI","1997-04-14","28","4983","WR","DJ Moore"
"NYG","2001-04-02","24","12460","WR","Antwane Wells"
"NULL","1991-12-15","27","3100","TE","Ronnie Shields"
"PHI","1995-01-03","30","5022","TE","Dallas Goedert"
"DAL","2001-08-12","23","12849","WR","Traeshon Holden"
"NULL","1985-01-25","35","735","RB","Danny Woodhead"
"NULL","1986-11-24","37","616","TE","Jimmy Graham"
"TEN","1998-08-29","26","7436","WR","Mason Kinsey"
"NULL","1992-12-10","29","4434","WR","Brisly Estime"
"NULL","1993-02-05","28","3045","TE","Gannon Sinclair"
"NULL","1990-04-27","30","1976","RB","Zurlon Tipton"
"NULL","1991-12-13","33","2923","RB","Connor Neighbors"
"NULL","1995-09-05","26","5176","WR","Davon Grayson"
"NULL","1988-03-13","32","1481","QB","Brad Sorensen"
"NULL","NULL","NULL","1943","WR","Lacoltan Bester"
"NULL","1994-10-13","27","6701","WR","Fred Trevillion"
"NULL","1993-09-24","28","4541","WR","Brandon Reilly"
"NULL","1996-10-27","25","6031","RB","Alex Barnes"
"NULL","1997-10-30","25","11182","RB","Ronald Awatt"
"NULL","NULL","NULL","3030","WR","Kai De La Cruz"
"BAL","2001-07-13","24","13042","WR","Xavier Guillory"
"NULL","1998-03-26","25","7556","WR","Marquez Stevenson"
"NULL","1989-05-30","32","794","WR","Kamar Aiken"
"NULL","1994-12-06","27","4178","RB","Donnel Pumphrey"
"NULL","1992-08-09","32","3462","WR","Jared Dangerfield"
"NULL","1994-09-16","27","4273","RB","Chris Carson"
"NULL","1986-08-04","34","543","TE","Garrett Graham"
"NULL","1993-10-02","28","4708","WR","KeVonn Mabon"
"NULL","1993-05-11","28","3205","QB","Cody Kessler"
"NULL","1994-09-16","27","6692","WR","Joe Horn"
"NO","2001-12-05","23","13043","WR","Chris Tyree"
"NULL","NULL","NULL","13160","TE","Reggie Brown"
"NULL","1991-08-21","27","2637","TE","Casey Pierce"
"NULL","1991-11-03","33","2886","TE","Justin Sinz"
"NULL","1990-04-23","31","5799","WR","Darius Prince"
"NULL","1998-08-11","24","8705","WR","Landon Lenoir"
"NULL","1996-02-23","24","5755","TE","Duplicate Player"
"NULL","1992-07-17","26","2654","WR","Jaxon Shipley"
"CAR","1990-08-22","34","1689","WR","Adam Thielen"
"NULL","1989-11-22","30","1030","WR","Damaris Johnson"
"NULL","2001-01-28","23","12231","WR","JJ Laap"
"GB","2000-05-16","25","11082","TE","Ben Sims"
"NULL","1999-07-19","25","12085","TE","Alec Holler"
"NULL","2001-02-12","23","12033","WR","OJ Hiliare"
"NULL","1999-12-04","23","8233","RB","Mataeo Durant"
"CLE","1998-09-25","26","8755","WR","Kaden Davis"
"NULL","2001-09-25","23","12392","WR","Tre Mosley"
"NULL","1995-08-12","28","5292","WR","Devin Ross"
"NULL","1985-02-23","35","465","TE","Brandon Pettigrew"
"NULL","NULL","NULL","3033","WR","Adam Drake"
"NULL","1998-08-09","26","6955","RB","James Robinson"
"NULL","1987-08-05","30","405","WR","Kevin Ogletree"
"NULL","1996-01-14","25","6606","QB","Nick Fitzgerald"
"NULL","1997-06-30","24","5068","RB","Kerryon Johnson"
"NULL","1992-07-19","29","2121","WR","T.J. Jones"
"NULL","1996-10-27","25","7387","WR","George Campbell"
"NULL","2000-02-03","24","11941","WR","Isaiah Wooden"
"NULL","1989-06-02","32","1200","QB","Austin Davis"
"MIA","2004-01-15","21","12495","RB","Ollie Gordon"
"NULL","1993-01-08","29","1901","RB","Isaiah Crowell"
"NULL","1988-12-12","33","1170","RB","Alfred Morris"
"NULL","1993-09-28","28","3366","RB","Kelvin Taylor"
"NULL","1995-04-06","26","5175","WR","Jawill Davis"
"NULL","1995-12-22","28","5102","WR","Daurice Fountain"
"NULL","1995-02-07","26","5261","WR","Jester Weah"
"NULL","1997-06-29","24","6187","RB","Aca'Cedric Ware"
"KC","1994-04-30","31","4602","TE","Robert Tonyan"
"NULL","1999-05-15","24","7586","WR","Dazz Newsome"
"NULL","1993-02-05","24","2924","TE","Duplicate Player"
"NULL","1995-03-02","26","4125","WR","Taywan Taylor"
"SEA","1994-05-09","31","4189","TE","Eric Saubert"
"NULL","1987-09-25","29","882","TE","David Ausberry"
"NULL","1989-06-06","32","1269","TE","Bradley Sowell"
"NULL","1997-11-30","25","5919","RB","Elijah Holyfield"
"NULL","1995-03-30","26","4364","WR","Karel Hamilton"
"NULL","1992-10-03","29","3657","RB","Rob Kelley"
"NULL","1987-02-13","33","620","WR","Preston Parker"
"NULL","1998-07-12","23","8099","WR","DeMichael Harris-DUP"
"NULL","1994-07-27","30","3727","WR","Dennis Parks"
"NULL","1998-09-26","24","11544","WR","Avery Davis"
"NULL","1995-03-14","26","4497","WR","Tony Stevens"
"NULL","1995-02-23","26","5005","WR","Jaleel Scott"
"NULL","1989-01-27","32","811","RB","Stevan Ridley"
"NULL","1991-07-29","27","2101","RB","Lache Seastrunk"
"NULL","1992-01-28","29","1794","RB","David Fluellen"
"NULL","1998-02-10","25","8825","WR","Kekoa Crawford"
"NULL","1995-09-12","29","5695","WR","Brandon Powell"
"NULL","2001-08-30","23","12260","TE","Mason Fairchild"
"MIA","2000-10-31","24","12863","WR","Andrew Armstrong"
"NULL","NULL","NULL","7104","RB","Shannon Brooks"
"NULL","1992-05-16","29","2499","TE","Randall Telfer"
"LAC","1995-07-30","30","5133","TE","Tyler Conklin"
"NULL","1991-04-20","30","2189","RB","Tyler Gaffney"
"MIA","2002-12-17","22","12852","WR","Monaray Baldwin"
"NULL","NULL","NULL","13100","TE","Eli Wilson"
"NULL","1995-03-24","26","5734","WR","C.J. Duncan"
"NULL","1991-12-31","30","2175","WR","Bernard Reedy"
"NULL","1996-12-08","25","6370","WR","Damion Jeanpiere"
"NULL","1999-08-26","24","11140","TE","Leonard Taylor"
"NULL","1999-06-01","24","11176","RB","Khalan Laborn"
"KC","1999-10-26","25","8221","RB","Keaontay Ingram"
"DAL","1996-08-02","29","8917","WR","KaVontae Turpin"
"NULL","1997-01-11","26","7885","WR","Bailey Gaither"
"NULL","NULL","NULL","12320","TE","Treyton Pickering"
"NYG","1999-11-23","25","11655","RB","Tyrone Tracy"
"NULL","1994-07-17","27","3646","RB","Quayvon Hicks"
"MIN","2001-03-28","24","12775","QB","Max Brosmer"
"JAX","NULL","NULL","12901","TE","Patrick Herbert"
"NULL","NULL","NULL","12291","WR","Dakota Caton"
"NULL","1998-02-25","24","7901","WR","Rico Bussey"
"TEN","1992-09-28","32","2374","WR","Tyler Lockett"
"TEN","1996-09-21","28","6957","WR","James Proche"
"TEN","1992-09-05","32","3357","QB","Brandon Allen"
"NULL","1997-02-28","25","7573","WR","Damon Hazelton"
"KC","2000-04-22","25","10229","WR","Rashee Rice"
"NULL","1996-12-23","26","8881","WR","Willie Johnson"
"NULL","1987-06-07","33","885","TE","Richard Gordon"
"NULL","1996-08-02","26","7466","RB","Nathan Cottrell"
"NYJ","1990-03-03","27","3050","WR","Myles White"
"NULL","1988-11-01","31","1759","TE","Larry Donnell"
"NULL","1991-02-10","30","1451","RB","C.J. Anderson"
"NULL","1997-12-10","24","7161","WR","Shane Leatherbury"
"NULL","1994-09-15","27","4208","WR","Rodney Adams"
"NULL","1991-01-25","29","1866","WR","Michael Campanaro"
"TB","2000-09-22","24","12776","QB","Connor Bazelak"
"NULL","1996-06-13","25","6685","WR","Jalen Greene"
"NULL","1997-08-14","26","6956","TE","Devin Asiasi"
"NULL","1993-05-26","25","3918","WR","TJ Thorpe"
"MIA","2001-10-13","23","9226","RB","De'Von Achane"
"NULL","1995-02-26","28","5536","RB","Dontrell Hilliard"
"NULL","1995-12-16","26","5625","WR","Cam Phillips"
"DEN","2002-03-19","23","9494","WR","Marvin Mims"
"NULL","1994-02-15","27","5243","WR","Detrich Clark"
"NULL","1995-09-05","27","4362","TE","Cethan Carter"
"NULL","1989-03-21","28","1738","QB","Matt Blanchard"
"NULL","1993-08-24","31","4973","TE","Hayden Hurst"
"JAX","NULL","NULL","12905","TE","John Copenhaver"
"NULL","1992-11-20","29","4535","TE","Steven Wroblewski"
"NULL","1993-09-23","29","2382","RB","Duke Johnson"
"ATL","2000-05-08","25","11559","QB","Michael Penix"
"NULL","1990-12-05","27","1454","RB","Montee Ball"
"NULL","1999-03-04","25","6878","RB","Anthony McFarland"
"NULL","1990-01-22","30","2007","QB","Bryn Renner"
"NULL","1996-11-07","25","7993","RB","Trey Ragas"
"NULL","1993-08-03","28","2585","RB","Thomas Rawls"
"NULL","1999-06-02","23","8184","RB","D'Vonte Price"
"NULL","1994-08-07","27","4665","QB","Eli Jenkins"
"CIN","1995-10-03","29","4993","TE","Mike Gesicki"
"NULL","1999-12-03","25","12070","TE","McCallan Castles"
"NULL","1993-05-12","28","4613","WR","Shaq Hill"
"NULL","1993-09-08","28","4367","WR","Monty Madaris"
"NULL","NULL","NULL","6394","WR","Romell Guerrier"
"GB","NULL","NULL","12928","RB","Amar Johnson"
"NULL","1997-09-23","24","7848","TE","Scooter Harrington"
"LAC","1999-10-21","25","12113","TE","Thomas Yassmin"
"NULL","1995-11-06","26","4576","RB","Jahad Thomas"
"NULL","1991-12-06","30","2411","RB","Jeremy Langford"
"NULL","1995-04-13","29","5248","RB","Gus Edwards"
"DEN","2003-02-06","22","11627","WR","Troy Franklin"
"NULL","1992-04-22","32","2755","TE","Eric Tomlinson"
"NULL","1992-10-21","25","3649","TE","Michael Cooper"
"NULL","1997-09-07","24","7735","TE","Cary Angeline"
"NULL","1994-12-27","27","1273","WR","Francis Owusu"
"CAR","1995-12-21","29","5955","WR","Hunter Renfrow"
"NULL","1984-06-12","33","104","WR","Donnie Avery"
"NULL","1992-03-01","29","2191","WR","Marcus Lucas"
"NULL","1996-11-08","25","6493","TE","Justin Johnson"
"TB","1986-04-22","35","1592","TE","Darren Fells"
"NULL","NULL","NULL","6393","TE","Elkanah Dillon"
"LV","1993-10-15","28","3868","RB","Jalen Richard"
"SF","1996-09-30","28","5323","WR","Equanimeous St. Brown"
"SEA","NULL","NULL","13151","TE","Nick Kallerup"
"NULL","1987-10-29","30","806","RB","Daniel Thomas"
"NULL","1995-08-08","26","5166","WR","Da'Mari Scott"
"NULL","1996-09-20","25","6982","TE","Cheyenne O'Grady"
"NULL","1986-09-05","36","533","QB","Colt McCoy"
"CLE","NULL","NULL","13212","WR","Cade McDonald"
"NULL","1987-05-08","30","291","RB","Felix Jones"
"NULL","1994-12-31","27","4641","WR","Keeon Johnson"
"NULL","1991-06-09","29","1579","RB","Stepfan Taylor"
"NULL","1990-09-08","31","1388","TE","Tyler Eifert"
"NULL","1986-05-22","35","344","WR","Julian Edelman"
"NULL","1976-06-23","41","740","WR","Brandon Stokley"
"NYG","1999-05-14","26","11654","RB","Dante Miller"
"NULL","1995-01-18","27","4175","WR","Chad Hansen"
"NULL","1997-01-07","27","6108","RB","Jacques Patrick"
"NULL","1999-11-25","25","13017","QB","Hajj-Malik Williams"
"DEN","1997-02-05","28","6869","TE","Adam Trautman"
"NULL","1995-01-25","26","4480","WR","Bobo Wilson"
"NULL","1992-10-06","26","2712","RB","Blake Renaud"
"NULL","1988-05-11","32","411","WR","Jeremy Maclin"
"NULL","1995-06-05","26","6115","RB","Wes Hills"
"NULL","1997-12-04","27","6234","WR","Deonte Harty"
"NULL","NULL","NULL","8156","QB","Player Invalid"
"ATL","2002-01-30","23","9509","RB","Bijan Robinson"
"PHI","1998-11-14","26","7525","WR","DeVonta Smith"
"JAX","2003-05-18","22","12530","WR","Travis Hunter"
"NULL","1991-05-01","33","2918","WR","Demetrius Wilson"
"NULL","1992-12-18","32","2573","WR","DaVaris Daniels"
"NULL","1990-04-02","30","1468","TE","Brian Leonhardt"
"NYG","1998-08-07","27","11292","QB","Tommy DeVito"
"NULL","1998-10-09","24","8433","TE","Cade Brewer"
"NO","2003-08-12","21","12476","RB","Devin Neal"
"NULL","1999-11-01","24","8595","WR","Kyric McGowan"
"NULL","1983-01-31","34","504","WR","Micheal Spurlock"
"NULL","1994-03-04","29","3894","TE","Garrett Griffin"
"PIT","2001-09-24","23","12511","QB","Will Howard"
"BUF","1998-01-08","27","8002","QB","Shane Buechele"
"NULL","1999-11-09","24","11554","WR","Chase Cota"
"NULL","1999-09-23","24","7540","WR","Amari Rodgers"
"CLE","2000-12-14","24","8118","WR","David Bell"
"NULL","1983-10-30","33","243","WR","Ben Obomanu"
"NULL","NULL","NULL","8426","RB","Player Invalid"
"NULL","1992-11-16","29","4864","TE","Jevoni Robinson"
"NULL","1991-09-24","30","2634","RB","Mack Brown"
"NULL","1992-03-20","32","2632","RB","Desmond Martin"
"NULL","1989-04-14","29","1276","WR","Nathan Palmer"
"NULL","1993-10-07","30","3343","QB","Nate Sudfeld"
"NULL","1997-10-22","25","6165","WR","Antoine Wesley"
"NULL","1981-02-20","39","228","RB","Fred Jackson"
"IND","2000-11-10","24","8207","RB","Tyler Goodson"
"NULL","1984-09-16","36","247","WR","Harry Douglas"
"NULL","NULL","NULL","8769","TE","Josh Bist"
"NULL","1999-05-07","24","11123","RB","Tyler Hoosman"
"NULL","1991-12-16","25","2058","WR","Chris Boyd"
"JAX","2002-02-14","23","12490","RB","Bhayshul Tuten"
"NULL","1989-05-14","28","1624","RB","Michael Hill"
"ATL","2000-08-02","25","12478","WR","Nick Nash"
"NULL","1993-03-31","28","2392","WR","Sammie Coates"
"DAL","2004-01-08","21","12457","RB","Jaydon Blue"
"NULL","1998-06-17","24","7578","WR","Myron Mitchell"
"NULL","1997-06-01","25","7548","WR","Tyler Vaughns"
"NULL","1991-04-05","26","1894","WR","Colin Lockett"
"NULL","1985-09-29","34","240","WR","Calvin Johnson"
"NULL","1983-07-21","35","449","TE","Kellen Winslow"
"NULL","1993-01-17","27","2845","TE","Tevin Westbrook"
"NULL","1995-09-30","26","4373","RB","Stanley Williams"
"NULL","1992-09-26","29","3475","WR","Keyarris Garrett"
"NULL","1995-04-19","26","6049","WR","Tyre Brady"
"NULL","1999-01-05","24","8212","QB","Dustin Crum"
"NULL","1991-11-22","30","4699","WR","Kevin Snead"
"NULL","2001-05-05","24","12966","WR","Moose Muhammad"
"SEA","1998-11-28","26","7039","WR","Cody White"
"NULL","1990-04-03","32","2238","WR","John Brown"
"NULL","1998-05-21","23","6954","QB","Cole McDonald"
"NULL","1993-08-24","31","1992","WR","Allen Robinson"
"NULL","1990-06-27","30","1698","RB","Jonas Gray"
"NULL","1991-03-28","34","2028","QB","Derek Carr"
"NULL","2000-02-29","24","12168","WR","Zach Mathis"
"NULL","NULL","NULL","13113","WR","Dante Wright"
"NULL","1993-09-15","27","2687","WR","Chandler Worthy"
"NULL","1997-10-30","25","8438","WR","Corey Sutton"
"LAR","2003-01-21","22","13001","WR","Mario Williams"
"NULL","1996-03-02","25","6021","RB","Nick Brossette"
"NULL","2001-07-08","23","9512","RB","DeWayne McBride"
"LV","1992-04-09","33","2749","RB","Raheem Mostert"
"NULL","1987-10-10","32","571","RB","Ryan Mathews"
"NULL","1998-01-21","26","8435","WR","Kwamie Lassiter"
"NULL","1993-08-03","28","4358","WR","Austin Duke"
"NULL","1987-05-28","33","857","QB","T.J. Yates"
"ATL","2001-07-24","24","8112","WR","Drake London"
"NYG","2003-07-28","22","11632","WR","Malik Nabers"
"NE","1993-09-16","31","4177","WR","Mack Hollins"
"KC","NULL","NULL","12757","WR","Hal Presley"
"NULL","1991-04-22","29","1865","WR","Jeremy Butler"
"NULL","1996-07-20","25","6723","QB","Vincent Testaverde"
"NULL","1992-05-31","29","1854","WR","Quincy Enunwa"
"NULL","1990-06-02","30","1527","RB","Eddie Lacy"
"KC","1997-06-04","28","5848","WR","Hollywood Brown"
"LAR","1998-11-11","26","11169","QB","Dresser Winn"
"NULL","1998-04-06","26","8246","RB","Bryant Koback"
"NULL","1991-05-24","27","1336","RB","Matthew Tucker"
"MIA","2000-07-09","25","11371","TE","Julian Hill"
"WAS","1997-12-14","27","8250","WR","Tay Martin"
"JAX","1995-12-10","29","6598","WR","Trenton Irwin"
"NULL","2001-04-17","23","12090","WR","Corey Crooms"
"NULL","1996-02-28","25","7101","RB","Rodney Smith"
"NYG","2002-09-20","22","12715","TE","Thomas Fidone"
"NULL","1993-03-20","28","4650","TE","Billy Brown"
"LAR","1997-10-28","27","10857","QB","Stetson Bennett"
"NULL","1992-04-07","32","2733","WR","Kasey Closs"
"IND","2002-05-22","23","9229","QB","Anthony Richardson"
"CIN","1996-12-10","28","6770","QB","Joe Burrow"
"NULL","1989-10-13","28","1274","TE","Gerell Robinson"
"KC","2003-04-27","22","11624","WR","Xavier Worthy"
"TB","2002-03-17","23","11994","WR","Kameron Johnson"
"NULL","1990-02-24","31","1105","TE","Dwayne Allen"
"NULL","1998-05-24","24","8624","WR","Changa Hodge"
"NULL","1997-07-07","25","7915","WR","Landen Akers"
"NULL","NULL","NULL","11543","TE","Lachlan Pitts"
"PHI","NULL","NULL","13139","WR","Taylor Morin"
"TB","2000-06-15","25","10227","TE","Payne Durham"
"LAR","2001-02-03","24","10214","TE","Davis Allen"
"NULL","2001-08-09","23","8153","RB","Isaiah Spiller"
"NULL","1996-05-26","28","7308","TE","Nick Bowers"
"NULL","1996-07-20","25","5107","RB","Jaylen Samuels"
"NULL","1991-02-14","29","1883","QB","Keith Wenning"
"NE","1995-01-26","30","4179","QB","Joshua Dobbs"
"NULL","1999-11-10","23","11216","QB","Holton Ahlers"
"NULL","NULL","NULL","5287","TE","Brian Bridgewater"
"NULL","1989-06-05","32","1208","WR","Brian Quick"
"LV","1998-09-01","26","10866","QB","Aidan O'Connell"
"NULL","1991-10-01","30","4301","WR","Josh Magee"
"MIN","1996-07-09","29","6037","QB","Brett Rypien"
"NULL","NULL","NULL","5357","WR","Kent Shelby"
"NULL","1992-04-01","29","3859","RB","Jalen Simmons"
"TEN","2003-06-03","22","12499","WR","Elic Ayomanor"
"NULL","1999-07-20","25","9503","WR","Jacob Copeland"
"NULL","NULL","NULL","4775","QB","David Olson"
"NULL","1994-11-19","28","4055","TE","O.J. Howard"
"NULL","1996-07-15","25","6142","TE","Caleb Wilson"
"NULL","1988-07-04","32","622","TE","Michael Hoomanawanui"
"LAR","NULL","NULL","13013","TE","Mark Redman"
"NULL","1995-05-23","26","5006","WR","J'Mon Moore"
"CLE","2000-03-22","25","11201","TE","Blake Whiteheart"
"IND","2002-01-10","23","12528","WR","Ajou Ajou"
"NULL","2000-02-19","24","12222","WR","Joseph Scates"
"NULL","1986-11-14","35","606","QB","Joe Webb"
"NULL","1985-05-22","34","6769","QB","Graham Harrell"
"NULL","1994-08-26","27","3327","RB","Alex Collins"
"MIN","1999-07-17","26","11299","WR","Zavier Scott"
"NULL","2000-09-24","24","11901","WR","Kyle Sheets"
"DET","2002-03-20","23","9221","RB","Jahmyr Gibbs"
"NULL","1993-12-08","28","3486","WR","Chris Brown"
"NULL","1988-01-30","33","964","TE","Lance Kendricks"
"NULL","1999-03-31","23","8747","TE","Roger Carter"
"NULL","1987-07-27","30","567","WR","Jacoby Ford"
"NULL","1988-07-03","30","975","QB","McLeod Bethel-Thompson"
"NULL","1997-10-09","24","7983","QB","Collin Hill"
"NULL","1987-09-14","34","455","WR","Michael Crabtree"
"NULL","NULL","NULL","8690","WR","Jake Herslow"
"HOU","1998-04-01","27","6895","WR","Quintez Cephus"
"NULL","1992-04-13","25","2908","WR","Austin Willis"
"GB","1997-09-03","27","11380","TE","Johnny Lumpkin"
"DET","1994-10-14","30","3163","QB","Jared Goff"
"NYG","NULL","NULL","12891","WR","Jordan Bly"
"NULL","1999-02-03","23","8858","WR","Keshunn Abram"
"NULL","1997-07-03","25","7951","RB","B.J. Emmons"
"GB","1999-09-29","25","12151","WR","Julian Hicks"
"NULL","1993-09-08","28","4832","TE","Andrew Price"
"CLE","2000-02-15","25","13240","RB","Toa Taua"
"NULL","1991-09-13","33","3770","WR","Quenton Bundrage"
"SEA","1993-06-15","32","4039","WR","Cooper Kupp"
"NULL","1992-10-24","29","3688","RB","Tra Carson"
"NULL","1997-03-25","24","7462","WR","Stephen Guidry"
"NULL","1998-09-19","24","11410","WR","Braxton Burmeister"
"LAC","2000-05-09","25","7610","QB","Trey Lance"
"NULL","1983-10-14","38","1085","QB","Brandon Weeden"
"NULL","1992-07-18","29","4777","RB","De'Chavon Hayes"
"NULL","1998-08-20","23","6846","TE","Hunter Bryant"
"LV","2002-12-18","22","12483","WR","Jack Bech"
"NULL","1996-09-04","28","6223","WR","Juwann Winfree"
"NULL","1991-02-13","29","2236","RB","Trey Watts"
"ARI","2001-07-25","24","12800","TE","Oscar Cardenas"
"NULL","2002-05-02","22","12013","RB","Jaden Shirden"
"NULL","1994-12-26","27","5885","QB","Ryan Finley"
"NULL","1994-05-13","27","4254","WR","Stacy Coley"
"HOU","2000-07-16","25","7568","TE","Brevin Jordan"
"NULL","NULL","NULL","2578","WR","John Harris"
"NULL","1990-11-11","29","1568","WR","Stedman Bailey"
"NO","1997-05-06","28","5985","TE","Foster Moreau"
"NULL","1999-03-19","24","11158","WR","Jalen Sample"
"NULL","1992-12-31","29","3340","TE","Jerell Adams"
"NULL","1994-12-10","27","5425","WR","John Diarse"
"NULL","1994-08-11","27","4463","RB","Tyler McCloskey"
"NULL","2001-08-14","23","11601","TE","Trey Knox"
"GB","2002-06-05","23","12953","RB","Jalen White"
"NULL","1999-11-03","22","7563","RB","Javian Hawkins"
"NULL","1994-08-05","27","3889","WR","Marquis Bundy"
"NULL","1994-10-20","27","7503","TE","Connor Davis"
"NULL","1998-09-14","24","8190","RB","Abram Smith"
"NULL","1996-01-04","27","5162","RB","Reggie Bonnafon"
"NULL","1988-07-10","33","536","WR","Antonio Brown"
"NULL","1987-08-05","30","2609","QB","RJ Archer"
"NULL","1991-01-22","26","2303","RB","Josh Harris"
"NULL","1997-01-18","28","7989","WR","DJ Turner"
"NYG","1994-06-28","27","3702","WR","Andy Jones"
"NULL","1982-05-06","39","23","TE","Jason Witten"
"NULL","1993-04-20","31","4622","WR","Keelan Cole"
"NULL","1993-01-09","29","3041","TE","Ross Travis"
"LAC","2000-09-11","24","10234","WR","Derius Davis"
"NULL","1994-10-16","27","4130","WR","Brendan Langley"
"NULL","1988-10-27","33","818","RB","Bilal Powell"
"NULL","1996-09-30","25","7414","WR","Johnathon Johnson"
"ATL","1997-12-22","27","7531","TE","Feleipe Franks"
"NULL","1999-12-23","24","11204","WR","Duece Watts"
"NULL","2000-07-21","24","11975","RB","Jordan Terrell"
"NULL","1986-12-01","36","147","WR","DeSean Jackson"
"BAL","1997-07-26","28","7237","WR","Scotty Washington"
"NULL","NULL","NULL","7949","WR","Trevon Grimes"
"NULL","NULL","NULL","7978","WR","Tre Walker"
"NULL","1993-11-18","28","4605","TE","Evan Baylis"
"NULL","1997-12-09","24","7370","WR","JoJo Ward"
"NULL","1989-11-27","32","1219","WR","Michael Floyd"
"NULL","1988-11-04","33","574","WR","Dez Bryant"
"NULL","1997-08-25","26","8247","TE","Gerrit Prince"
"NULL","1997-10-30","27","7541","WR","Cornell Powell"
"NULL","1995-07-25","26","4408","RB","Terrell Newby"
"NULL","1994-12-09","27","5233","TE","Marcus Baugh"
"DET","2001-03-26","24","8148","WR","Jameson Williams"
"NULL","1988-11-04","31","1189","WR","Nick Toon"
"NULL","NULL","NULL","8163","QB","Player Invalid"
"CLE","2000-04-19","25","10444","WR","Cedric Tillman"
"ATL","1997-10-29","27","7090","WR","Darnell Mooney"
"NULL","1991-09-29","33","2200","RB","Timothy Flanders"
"NULL","1989-04-26","34","1144","WR","Cole Beasley"
"NULL","1988-09-23","29","1165","TE","Adrien Robinson"
"NULL","1994-03-06","27","5266","RB","Detrez Newsome"
"NULL","NULL","NULL","13085","TE","Kole Taylor"
"NULL","1996-04-27","25","6539","RB","Devontae Jackson"
"NULL","1992-11-28","30","1825","WR","Jarvis Landry"
"NULL","1992-09-08","28","2652","RB","Dreamius Smith"
"NULL","1995-06-24","26","6203","RB","Valentine Holmes"
"NULL","1995-10-23","26","6238","TE","Tyree Mayfield"
"NULL","1994-01-07","28","3372","TE","Rico Gathers"
"KC","1995-12-07","24","6677","WR","Joe Forson"
"MIA","1997-03-23","28","7612","WR","Dee Eskridge"
"SF","1993-10-09","31","4217","TE","George Kittle"
"NULL","1999-03-31","25","12100","WR","Chris Autman-Bell"
"NULL","1993-07-04","28","3319","WR","Trevor Davis"
"NULL","1983-08-31","37","270","WR","Lance Moore"
"NO","2003-03-17","22","12480","TE","Moliki Matavao"
"NULL","1994-09-26","27","4283","RB","Khalfani Muhammad"
"NULL","1993-06-11","28","3864","WR","Jake Lampman"
"NULL","1998-11-10","24","8215","TE","Austin Allen"
"NULL","1997-08-03","27","4955","RB","Ronald Jones"
"CIN","1998-02-28","27","7529","RB","Gary Brightwell"
"NULL","1991-06-14","27","2805","WR","Deon Long"
"NULL","1993-11-19","28","3461","RB","Russell Hansbrough"
"ARI","2002-08-11","22","11628","WR","Marvin Harrison"
"NULL","1991-10-14","28","1798","WR","Josh Huff"
"NULL","1997-08-12","25","8061","TE","Jake Hausmann"
"PHI","2000-02-24","25","10210","TE","Cameron Latu"
"NYG","1994-01-06","31","2306","QB","Jameis Winston"
"BAL","1993-05-01","24","4924","QB","Zach Terrell"
"SEA","NULL","NULL","13032","TE","Marshall Lang"
"LAC","1992-04-27","33","1479","WR","Keenan Allen"
"NULL","1996-12-04","25","5699","WR","Matt Fleming"
"NULL","1988-02-12","32","904","RB","DeMarco Murray"
"MIN","1993-03-06","32","3258","TE","Nick Vannett"
"NULL","1997-03-23","25","6164","TE","Kahale Warring"
"NULL","1985-03-21","37","184","RB","Adrian Peterson"
"NULL","1992-07-20","29","2587","WR","Dres Anderson"
"NULL","1989-09-30","27","1226","WR","AJ Jenkins"
"NULL","1996-01-13","25","5547","TE","Ryan Smith"
"NULL","1995-04-15","28","5549","RB","Darrel Williams"
"NULL","1994-12-09","27","4518","TE","Emanuel Byrd"
"NULL","1988-11-01","28","1786","WR","Lance Lewis"
"NULL","1995-02-27","26","7211","WR","Zimari Manning"
"NULL","1992-09-22","32","3410","QB","Jake Coker"
"NULL","1989-10-24","30","1584","WR","B.J. Daniels"
"BAL","1999-09-10","25","11556","QB","Devin Leary"
"NULL","NULL","NULL","12188","RB","Justin Strong"
"NULL","1988-12-11","33","973","RB","Anthony Sherman"
"NO","1990-08-23","34","4381","TE","Taysom Hill"
"SF","2000-10-25","24","12477","QB","Kurtis Rourke"
"NULL","1993-12-29","28","4169","WR","Jehu Chesson"
"NULL","NULL","NULL","7899","WR","Isaiah McKoy"
"NULL","1991-07-01","29","1618","WR","Rico Richardson"
"BUF","1997-08-20","27","7204","RB","Reggie Gilliam"
"NULL","1996-08-02","28","5117","TE","Jordan Thomas"
"NULL","1994-11-21","27","5192","RB","Ralph Webb"
"NULL","1996-10-16","25","7454","WR","Travis Jonsen"
"NULL","1985-06-29","36","527","TE","Dennis Pitta"
"NULL","1992-01-23","28","1821","WR","Matt Hazel"
"NULL","NULL","NULL","3025","WR","LT Smith"
"NULL","1991-10-29","30","1793","TE","Trey Burton"
"NULL","1998-04-22","24","8741","TE","Jamal Pettigrew"
"NULL","1995-02-17","28","4962","RB","Sony Michel"
"MIA","1996-02-09","26","6167","RB","Jordan Scarlett"
"KC","2000-11-02","24","11595","TE","Jared Wiley"
"CAR","2004-07-09","21","12531","RB","Trevor Etienne"
"NULL","NULL","NULL","4790","WR","Robert Wheelwright"
"NULL","1994-07-23","28","5123","RB","Trenton Cannon"
"NULL","1994-05-04","30","4183","QB","Nathan Peterman"
"NULL","1996-04-24","25","5264","TE","Blake Mack"
"NULL","1985-09-17","35","609","RB","Antone Smith"
"NULL","1993-01-29","27","3171","QB","Connor Cook"
"NULL","NULL","NULL","11609","WR","Player Invalid"
"NULL","1991-05-31","29","2408","QB","Bryce Petty"
"NULL","1996-10-13","25","7320","WR","Dalton Schoen"
"NULL","1999-05-18","23","8238","WR","Emeka Emezie"
"NULL","1996-12-20","26","7335","QB","Bryce Perkins"
"NULL","1997-07-26","25","8420","WR","Jack Sorenson"
"NULL","1990-02-17","30","1614","WR","Frankie Hammond"
"NULL","1994-08-10","28","4221","TE","Jeremy Sprinkle"
"NULL","1990-09-17","27","2942","RB","Joe Don Duncan"
"NULL","1995-12-13","26","6554","WR","Shawn Poindexter"
"NULL","1995-03-15","28","4531","TE","Ricky Seals-Jones"
"SF","1998-04-29","27","6963","RB","Patrick Taylor"
"NULL","1983-12-29","33","215","RB","Jason Snelling"
"NULL","1991-12-08","30","2002","WR","Isaiah Burse"
"NULL","1993-09-03","28","4676","WR","Darreus Rogers"
"NULL","NULL","NULL","8057","QB","Kenji Bahar"
"NULL","1982-06-16","38","155","WR","Jerricho Cotchery"
"BUF","1996-08-09","28","5101","WR","Deon Cain"
"NULL","1995-10-26","26","4376","WR","Michael Clark"
"NULL","NULL","NULL","12431","WR","Rory Starkey"
"PIT","2002-07-06","23","12973","TE","DJ Thomas-Jones"
"NULL","1991-07-29","30","1619","TE","Demetrius Harris"
"NULL","1991-09-13","27","1792","WR","Kadron Boone"
"NULL","NULL","NULL","13117","RB","Qualan Jones"
"NULL","1994-01-17","27","4839","QB","Mitch Leidner"
"TEN","2000-05-15","25","11808","WR","Jha'Quan Jackson"
"NULL","1989-01-05","28","1406","WR","Reggie Dunn"
"NULL","1987-03-21","34","218","RB","Jonathan Stewart"
"NULL","1994-12-14","27","4831","WR","Justice Liggins"
"NYJ","2001-10-11","23","12539","WR","Arian Smith"
"NULL","1997-02-25","28","7357","WR","Dan Chisena"
"NULL","1999-08-28","23","8568","RB","John Lovett"
"NULL","1987-05-18","31","748","WR","Mike Williams"
"NULL","1999-11-23","25","12281","WR","Dimitri Stanley"
"LV","1998-04-25","27","6843","TE","Albert Okwuegbunam"
"NULL","1988-09-03","32","863","RB","DuJuan Harris"
"NULL","1998-11-03","24","11136","WR","Oliver Martin"
"NULL","1996-08-28","25","6898","QB","Anthony Gordon"
"DEN","NULL","NULL","12777","WR","Joaquin Davis"
"NULL","NULL","NULL","8864","TE","Ben Beise"
"NULL","1980-01-14","40","5817","QB","Byron Leftwich"
"NULL","1993-06-28","28","3660","WR","Valdez Showers"
"NULL","1996-02-23","26","5009","TE","Chris Herndon"
"NULL","1992-09-24","32","3606","WR","Amir Carlisle"
"NYG","1995-12-25","26","6147","QB","Clayton Thorson"
"NULL","1998-07-10","26","7789","WR","Jalen Camp"
"NULL","1992-12-17","29","3481","TE","Kyle Carter"
"NULL","1998-04-07","27","8749","RB","Tyreik McAllister"
"NYG","1997-09-30","27","7087","RB","Jonathan Ward"
"NE","2001-10-11","23","12969","RB","Lan Larison"
"NULL","1997-10-10","27","8423","RB","Brittain Brown"
"NULL","1999-08-24","24","10865","RB","Travis Dye"
"NULL","1987-06-19","30","145","RB","Rashard Mendenhall"
"NULL","1984-04-14","37","492","RB","Tyler Thigpen"
"LAC","NULL","NULL","12815","TE","Stevo Klotz"
"NULL","1993-12-16","28","4309","TE","Scott Orndoff"
"SF","1999-12-27","25","8183","QB","Brock Purdy"
"NULL","2000-12-22","24","12080","RB","Aidan Robbins"
"NULL","2000-08-23","24","12007","RB","Nathaniel Peat"
"NULL","1996-04-11","28","7084","QB","Jake Luton"
"NULL","2000-01-04","24","11133","WR","Jaray Jenkins"
"NULL","1990-10-03","27","2153","WR","Kain Colter"
"NULL","1988-09-02","29","1133","WR","Devon Wylie"
"NYG","1988-11-29","36","1234","QB","Russell Wilson"
"NULL","1993-11-27","28","3519","WR","Roger Lewis"
"NULL","1988-11-21","29","1758","WR","Kashif Moore"
"NULL","1992-05-12","32","2900","RB","Terrence Franks"
"LV","2002-11-30","22","12541","WR","Dont'e Thornton"
"NULL","1991-03-27","33","2913","WR","Gavin Lutman"
"NULL","NULL","NULL","12306","RB","La'Damian Webb"
"NULL","1993-09-06","29","11491","QB","Austin Aune"
"DET","2002-11-08","22","12732","WR","Dominic Lovett"
"NULL","NULL","NULL","12296","WR","Kaylon Horton"
"DET","1998-11-27","26","7891","TE","Brock Wright"
"NULL","1998-02-06","25","7996","WR","Dillon Stoner"
"NULL","1990-09-08","33","1338","QB","Matt Barkley"
"NULL","1992-05-14","26","2979","WR","Jarrod West"
"NULL","1991-09-07","30","2171","WR","Freddie Martino"
"NULL","1998-11-02","25","8634","TE","Chris Pierce"
"NULL","1995-11-09","27","4187","RB","Brian Hill"
"DAL","1999-12-27","25","11593","TE","Brevyn Spann-Ford"
"NULL","1992-04-13","29","2279","WR","Paul Richardson"
"CLE","2003-10-29","21","12512","RB","Quinshon Judkins"
"NULL","1986-01-21","35","660","RB","Peyton Hillis"
"NULL","1990-01-18","34","1476","RB","Latavius Murray"
"NULL","1995-04-16","26","5080","WR","Damion Ratley"
"SF","2002-02-15","23","12634","WR","Jordan Watkins"
"NULL","1993-05-08","28","3802","WR","Chris Hubert"
"NULL","1990-07-10","29","1082","RB","Trent Richardson"
"NULL","1997-10-15","25","8884","TE","JJ Howland"
"NULL","2000-12-15","24","12107","TE","Dylan Leonard"
"NULL","1995-07-11","26","4151","TE","Jake Butt"
"NULL","1991-07-23","29","1365","WR","Aaron Dobson"
"NE","2001-05-17","24","13124","WR","Jeremiah Webb"
"NULL","1995-03-13","26","5195","RB","Akrum Wadley"
"NULL","1989-11-14","33","1110","WR","T.Y. Hilton"
"NULL","1984-12-27","32","121","RB","LeRon McClain"
"NULL","1994-06-17","27","5115","RB","David Williams"
"NULL","1994-12-05","27","5710","WR","Nick Holley"
"PHI","2000-06-09","25","7565","WR","Terrace Marshall"
"NULL","1998-11-14","24","11374","QB","James Blackman"
"LV","1999-10-20","25","11257","WR","Shedrick Jackson"
"ARI","1997-12-31","24","7103","RB","Tavien Feaster"
"NULL","1997-06-07","25","8589","TE","Marcus Santos-Silva"
"PIT","1992-04-10","33","1352","WR","Robert Woods"
"CHI","1994-09-19","23","4930","TE","Franko House"
"NULL","1984-03-03","33","651","WR","Santonio Holmes"
"NULL","1998-06-09","24","8419","WR","Stanley Berryhill"
"NULL","1997-10-06","24","7005","RB","Scottie Phillips"
"NULL","1989-07-12","28","2129","TE","Jordan Thompson"
"CLE","1997-10-18","27","6144","RB","Trayveon Williams"
"NULL","1992-04-30","32","3542","WR","DeAndre Reaves"
"NULL","1993-02-09","28","3495","QB","Mike Bercovici"
"PIT","1999-01-22","26","8181","TE","Connor Heyward"
"NULL","1988-02-15","32","2786","RB","Jarryd Hayne"
"NULL","1999-01-07","24","11385","TE","Brian Walker"
"NULL","1997-12-22","25","6334","RB","Damarea Crockett"
"CLE","NULL","NULL","13166","WR","Kisean Johnson"
"NULL","1999-05-13","25","10230","WR","Jalen Wayne"
"NULL","1999-04-13","25","6951","RB","Eno Benjamin"
"NULL","1995-02-26","29","4335","QB","P.J. Walker"
"NULL","1993-10-27","28","4392","WR","Malcolm Lewis"
"NULL","2000-03-20","23","11472","RB","Alfonzo Graham"
"NULL","1992-09-11","29","2865","RB","Julian Howsare"
"NULL","1998-05-14","24","6919","TE","Thaddeus Moss"
"SEA","2000-10-20","24","8151","RB","Kenneth Walker"
"BUF","1999-10-18","25","10236","TE","Dalton Kincaid"
"NULL","1992-11-05","32","2078","WR","Odell Beckham"
"NULL","2000-01-11","25","12003","QB","Gunnar Watson"
"NE","2000-07-08","25","12383","WR","John Jiles"
"NULL","NULL","NULL","12352","QB","Jeremy Moussa"
"NULL","1993-06-24","25","3940","RB","Chase Price"
"NULL","1993-12-01","28","4752","WR","Fred Brown"
"CIN","1999-11-19","25","12062","TE","Cam Grandy"
"NULL","1998-11-05","24","11247","WR","Mac Hippenhammer"
"NULL","1993-01-09","29","4338","WR","Levern Jacobs"
"SEA","2004-01-31","21","12462","RB","Damien Martinez"
"NULL","1996-05-03","25","6487","TE","Charles Scarff"
"NULL","1992-06-03","26","2723","WR","RJ Harris"
"ARI","NULL","NULL","12893","WR","Nate McCollum"
"NULL","1995-12-26","26","5295","WR","De'Mornay Pierson-El"
"NULL","1994-07-06","27","4485","RB","William Stanback"
"NULL","1993-02-23","28","3732","WR","Richard Mullaney"
"NULL","1997-05-06","24","8026","TE","Landon Rice"
"NULL","1995-04-20","28","6089","TE","Daniel Helm"
"DET","1999-10-24","25","7547","WR","Amon-Ra St. Brown"
"NULL","1998-10-04","26","11900","RB","Jacob Kibodi"
"KC","1997-09-03","27","8413","QB","Chris Oladokun"
"ATL","2000-01-17","25","11474","WR","Dylan Drummond"
"JAX","NULL","NULL","13063","WR","Darius Lassiter"
"NULL","1992-07-07","29","3504","TE","Steven Scheu"
"NULL","1989-09-12","32","1111","QB","Andrew Luck"
"NULL","1999-11-24","24","8928","WR","Daylen Baldwin"
"NULL","2000-07-08","24","12834","TE","Jimmy Bell"
"NULL","1996-12-19","25","8105","TE","Brayden Lenius"
"NULL","1995-12-03","26","5751","TE","Austin Roberts"
"ARI","1998-03-09","27","7009","WR","Trishton Jackson"
"NULL","1993-07-19","28","4409","TE","Josiah Price"
"NULL","1993-03-03","25","3686","TE","Joe Sommers"
"NULL","1996-07-19","25","6364","WR","Papi White"
"NULL","1993-08-30","28","3622","WR","Mose Frazier"
"NULL","1995-09-13","27","6059","WR","Travis Fulgham"
"IND","2001-03-23","24","12829","WR","Coleman Owen"
"NULL","1988-02-25","32","941","QB","Christian Ponder"
"NULL","1991-07-16","29","1935","QB","Zach Mettenberger"
"NULL","1999-02-11","23","8828","WR","Michael Young"
"LAC","2001-04-17","24","12773","QB","DJ Uiagalelei"
"NULL","1988-04-18","32","1299","TE","Kyle Miller"
"NULL","1997-03-06","24","7176","TE","Caleb Repp"
"NULL","1986-05-23","34","83","RB","Tim Hightower"
"NULL","NULL","NULL","2206","QB","Logan Kilgore"
"NULL","1986-02-04","34","321","WR","Jerome Simpson"
"LAR","2002-10-24","22","12718","WR","Konata Mumpfield"
"NULL","1991-06-02","30","2024","RB","Charcandrick West"
"NULL","NULL","NULL","5291","WR","J.t. Luper"
"GB","2000-09-02","24","9481","TE","Luke Musgrave"
"NULL","1999-05-30","24","11213","TE","Camren McDonald"
"NULL","1985-03-11","36","58","TE","Greg Olsen"
"NULL","NULL","NULL","5224","WR","Taj Williams"
"NULL","1994-09-18","27","4600","WR","Noel Thomas"
"NULL","1996-04-22","26","5131","RB","Justin Jackson"
"NULL","1989-11-07","30","1636","TE","MarQueis Gray"
"SEA","2003-03-20","22","12939","RB","Anthony Tyus"
"NULL","NULL","NULL","11548","RB","Aaron Dykes"
"NULL","1994-11-28","27","4326","TE","Bug Howard"
"NULL","1991-09-14","29","1123","RB","Ronnie Hillman"
"NULL","1997-04-19","25","7109","WR","Malcolm Perry"
"NULL","1989-05-14","29","2165","RB","Dominique Williams"
"NULL","1999-05-29","25","12226","RB","Lorenzo Lingard"
"HOU","2000-02-19","25","8129","RB","Dameon Pierce"
"NULL","NULL","NULL","8434","TE","Player Invalid"
"NULL","1992-12-14","29","2803","WR","Bradley Marquez"
"NULL","1991-05-29","29","2380","QB","Garrett Grayson"
"NULL","1993-07-22","28","3573","RB","Brandon Wilds"
"NULL","1989-02-21","29","1699","WR","Brian Tyms"
"NULL","1998-04-03","24","8685","TE","John Mitchell"
"NULL","1988-04-12","32","802","QB","Pat Devlin"
"NULL","1998-08-18","24","8437","WR","Thomas Hennigan"
"NULL","1996-04-12","25","6595","QB","Devlin Hodges"
"NULL","1998-12-21","24","8173","RB","ZaQuandre White"
"NULL","1998-12-23","24","8243","RB","DeAndre Torrey"
"GB","2001-01-05","24","11581","RB","MarShawn Lloyd"
"NULL","NULL","NULL","8237","RB","Player Invalid"
"NULL","1990-06-17","28","1827","TE","Arthur Lynch"
"NULL","1987-08-14","34","559","TE","Tim Tebow"
"NULL","NULL","NULL","7074","RB","A.J. Hines"
"NULL","1995-10-10","27","5754","TE","Jaeden Graham"
"NULL","1998-12-09","24","8201","QB","Jack Coan"
"NULL","1992-04-19","32","5032","TE","Jordan Akins"
"ARI","1995-03-30","30","4080","WR","Zay Jones"
"CIN","1995-09-16","29","4147","RB","Samaje Perine"
"NULL","NULL","NULL","3032","RB","Lavance Taylor"
"NULL","1992-02-16","28","2562","RB","John Crockett"
"NULL","1997-03-29","24","4997","RB","Mark Walton"
"NULL","1993-08-04","28","3418","WR","Mekale McKay"
"NULL","1992-12-16","29","4728","QB","Bart Houston"
"CAR","2000-05-13","25","11312","WR","T.J. Luther"
"NYJ","2001-10-12","23","12538","QB","Brady Cook"
"NULL","1993-12-05","28","4050","WR","Cyril Grayson"
"NULL","1987-12-28","32","640","TE","Anthony McCoy"
"LAR","NULL","NULL","13010","RB","Jordan Waters"
"NYJ","1998-02-09","27","7720","RB","Kene Nwangwu"
"NULL","1999-11-17","25","11867","WR","Jaelen Gill"
"BUF","1998-07-13","27","8416","WR","Jalen Virgil"
"NULL","1998-01-20","24","8621","TE","Garrett Walston"
"NULL","1996-06-17","26","5126","WR","Austin Proehl"
"LV","NULL","NULL","13193","WR","Ketron Jackson"
"HOU","1998-01-04","27","6973","RB","J.J. Taylor"
"NULL","1995-12-29","26","5548","WR","Elijah Marks"
"NULL","1985-09-23","34","272","RB","Chris Johnson"
"NULL","1992-09-14","28","1512","WR","Marquess Wilson"
"NULL","1994-12-06","27","6585","RB","Tony Brooks-James"
"NULL","NULL","NULL","5208","QB","Matt Linehan"
"NULL","1991-07-21","30","1948","TE","Anthony Denham"
"NULL","1986-02-25","34","762","RB","James Starks"
"HOU","2002-09-04","22","12536","WR","Jaylin Noel"
"NULL","1991-02-18","30","1357","TE","Dion Sims"
"NULL","NULL","NULL","12314","WR","Beau Corrales"
"NYG","1999-11-04","25","10223","RB","Eric Gray"
"DET","1998-10-30","26","7597","TE","Kenny Yeboah"
"NULL","1993-08-22","28","3213","QB","Trevone Boykin"
"DEN","2002-12-10","22","12492","WR","Pat Bryant"
"NULL","1998-07-24","25","7287","WR","Josh Hammond"
"CHI","1999-03-10","26","6826","TE","Cole Kmet"
"NULL","1996-09-15","25","6161","RB","L.J. Scott"
"NULL","1999-07-24","25","12134","WR","Sam Wiglusz"
"NULL","1994-05-07","28","5250","WR","Robert Foster"
"NULL","1985-12-11","31","171","TE","Zach Miller"
"NULL","1989-03-02","31","814","RB","Shane Vereen"
"CAR","2003-04-05","22","12526","WR","Tetairoa McMillan"
"NULL","1993-04-09","28","2528","TE","Ben Koyack"
"GB","2002-08-15","22","13225","WR","Sam Brown"
"NULL","1993-11-17","30","5199","WR","Byron Pringle"
"NULL","1988-06-16","29","1760","TE","Jamie Childers"
"NULL","1997-10-27","25","8224","QB","Cole Kelley"
"NULL","1982-07-06","35","82","RB","Brandon Jacobs"
"NULL","1995-10-19","29","7622","TE","Sammis Reyes"
"NULL","1997-11-03","24","7236","RB","Devwah Whaley"
"NULL","1997-01-10","25","6401","WR","T.J. Rahming"
"NULL","1992-04-25","31","2394","QB","Sean Mannion"
"NULL","2001-08-04","23","8209","WR","Makai Polk"
"NULL","1990-11-10","27","2158","WR","Donte Foster"
"NULL","1995-03-15","26","5156","TE","Andrew Vollert"
"KC","2001-09-14","23","12818","RB","Elijah Young"
"NULL","1997-12-26","24","8051","RB","Josh Johnson"
"NULL","1979-06-01","38","69","WR","Santana Moss"
"NULL","1997-02-20","24","7245","TE","Nate Wieting"
"GB","2000-03-31","25","11210","WR","Malik Heath"
"NULL","1993-12-09","28","4636","RB","Lenard Tillery"
"CLE","1996-12-02","28","8089","TE","Sal Cannella"
"NULL","1992-01-29","29","3457","WR","Rashawn Scott"
"NULL","1994-06-27","27","3594","RB","Peyton Barber"
"NULL","1996-11-21","26","7859","TE","Nick Eubanks"
"NULL","1994-08-16","28","3652","WR","Mike Thomas"
"NULL","NULL","NULL","8890","TE","Naz Bohannon"
"NULL","1984-05-19","40","111","TE","Marcedes Lewis"
"NULL","1999-06-16","23","7550","WR","Warren Jackson"
"NULL","1988-05-07","29","966","WR","Austin Pettis"
"NULL","NULL","NULL","13152","WR","Justin Lockhart"
"LAR","2001-06-09","24","13003","WR","Tru Edwards"
"MIN","2002-03-17","23","13121","TE","Ben Yurosek"
"NULL","1999-04-01","26","6943","WR","Gabe Davis"
"NULL","1993-08-15","31","5356","QB","Jeremiah Briscoe"
"MIA","1991-11-12","30","1984","WR","Allen Hurns"
"NULL","2001-06-06","23","12170","WR","Jaaron Hayek"
"NULL","1998-02-14","27","8539","TE","Seth Green"
"NULL","1996-08-30","25","6605","WR","Cortrelle Simpson"
"NULL","1999-02-18","25","7551","RB","Deon Jackson"
"NULL","1992-07-08","29","2880","RB","Zach Laskey"
"NULL","1990-06-28","30","1514","WR","Corey Fuller"
"NULL","1995-11-11","26","4635","RB","Justin Davis"
"NULL","1997-03-01","24","7299","WR","Justice Shelton-Mosley"
"NULL","1999-05-28","23","7954","WR","Connor Wedington"
"NULL","1997-09-20","26","7032","WR","Tyrie Cleveland"
"NULL","NULL","NULL","10864","WR","Player Invalid"
"ARI","2000-05-19","25","11802","WR","Tejhaun Palmer"
"NULL","NULL","NULL","3027","RB","Boobie Dixon"
"DEN","2000-02-25","25","11563","QB","Bo Nix"
"NE","1993-11-29","31","2449","WR","Stefon Diggs"
"NULL","1997-04-15","26","7522","TE","Hunter Thedford"
"PIT","1999-03-14","26","7567","RB","Kenneth Gainwell"
"GB","1995-10-01","26","6540","WR","DeAndre Thompkins"
"NULL","1988-09-29","29","942","TE","Allen Reisner"
"JAX","1999-01-26","26","7543","RB","Travis Etienne"
"JAX","2000-05-16","25","12217","TE","Shawn Bowman"
"NULL","1999-06-14","25","7793","WR","Racey McMath"
"NULL","1999-07-03","25","8192","TE","Curtis Hodges"
"NULL","1989-02-03","31","1575","RB","Andre Ellington"
"NULL","1999-10-18","23","11502","WR","Brian Cobbs"
"NULL","1995-12-07","27","5139","WR","Trey Quinn"
"NULL","1991-11-04","28","3043","TE","Will Tye"
"CIN","1996-04-16","29","6001","TE","Drew Sample"
"NULL","1991-10-28","30","1841","RB","Stephen Houston"
"NULL","1995-01-18","26","5590","WR","Jordan Smallwood"
"NULL","1998-08-18","24","7572","RB","Kylin Hill"
"NULL","1986-11-11","33","719","WR","Victor Cruz"
"NULL","1995-01-31","24","5745","QB","Nick Stevens"
"NULL","1993-06-14","29","1817","WR","Sammy Watkins"
"NULL","1994-01-19","27","5801","RB","Kobe McCrary"
"NULL","1993-02-10","29","3824","TE","Alex Ellis"
"PIT","1997-06-27","28","7757","WR","Ben Skowronek"
"NULL","2000-05-13","23","7904","RB","Stevie Scott"
"NULL","1992-07-29","25","2950","TE","Jack Tabb"
"NYJ","1998-10-04","26","8583","TE","Stone Smartt"
"NULL","1994-11-22","28","4323","TE","Darrell Daniels"
"NULL","1995-01-13","26","4307","QB","Alek Torgersen"
"NULL","1992-10-16","29","3396","WR","Charone Peake"
"NULL","1991-11-22","31","1386","RB","Giovani Bernard"
"NO","1999-02-19","26","6824","WR","Donovan Peoples-Jones"
"NULL","1988-01-08","37","2817","WR","Daniel Rodriguez"
"NULL","1991-09-21","30","2532","WR","Da'Ron Brown"
"NULL","1984-05-07","37","268","QB","Alex Smith"
"NULL","1994-02-13","27","3491","RB","Byron Marshall"
"NULL","1993-01-30","28","3583","WR","Tevaun Smith"
"NULL","1997-06-17","24","7076","WR","Jeff Thomas"
"NULL","1984-12-18","35","34","RB","Pierre Thomas"
"NULL","1999-08-17","24","11159","WR","Zion Bowens"
"NULL","1991-05-20","30","1418","WR","Justin Hunter"
"NULL","1994-09-25","27","4803","TE","Nate Iese"
"NULL","1996-12-31","26","5863","WR","J.J. Arcega-Whiteside"
"NULL","1990-02-06","31","949","RB","Jacquizz Rodgers"
"NULL","1997-08-31","26","6873","WR","Austin Mack"
"NULL","1985-12-30","31","479","RB","Jalen Parmele"
"NULL","1979-07-04","42","208","QB","Josh McCown"
"NULL","1999-02-26","23","8560","QB","Davis Cheek"
"NULL","1985-04-15","35","148","WR","Andre Caldwell"
"NE","2002-04-29","23","12984","TE","CJ Dippre"
"NULL","1989-01-20","34","1029","QB","Nick Foles"
"LAC","2000-05-26","25","11874","WR","Jaylen Johnson"
"TEN","2001-06-15","24","9508","RB","Tyjae Spears"
"BAL","2001-02-16","24","11570","RB","Rasheen Ali"
"CHI","2002-06-06","23","12534","RB","Kyle Monangai"
"NULL","1992-08-09","28","2205","WR","Seantavius Jones"
"NULL","1993-12-12","29","4344","WR","C.J. Board"
"NULL","1999-12-13","25","12150","RB","Jarveon Howard"
"LAR","1999-01-31","26","8195","RB","Ronnie Rivers"
"NULL","1997-08-26","24","6892","QB","Nate Stanley"
"SF","1994-04-30","31","4218","WR","Trent Taylor"
"NULL","1997-02-12","26","6178","RB","Darwin Thompson"
"NULL","1987-04-11","33","377","RB","Donald Brown"
"GB","2000-04-20","25","12154","TE","Messiah Swinson"
"NYG","1991-07-30","30","1642","TE","Levine Toilolo"
"NULL","1991-04-22","29","1675","WR","Marlon Brown"
"MIA","1998-03-20","27","8849","TE","Tanner Conner"
"CIN","1999-08-31","25","8159","QB","Desmond Ridder"
"NULL","1988-01-13","32","448","QB","Josh Freeman"
"NULL","1987-11-26","29","920","RB","Evan Royster"
"NULL","1992-05-26","29","2751","TE","Daniel Brown"
"NULL","1992-04-06","32","2938","WR","Cam Worthy"
"NULL","1994-02-25","27","4895","WR","Lamar Atkins"
"NULL","1992-12-15","32","3554","TE","David Reeves"
"TB","1992-11-10","32","2152","QB","Teddy Bridgewater"
"NULL","1993-09-28","28","3385","WR","Daniel Braverman"
"NULL","1993-01-10","29","2001","RB","Kapri Bibbs"
"NULL","1996-11-11","25","8018","TE","Shaun Beyer"
"NULL","1993-12-23","28","3368","WR","Aaron Burbridge"
"NULL","1993-09-24","26","2566","RB","Tyler Varga"
"NULL","1996-02-13","25","5392","QB","Jack Heneghan"
"NULL","1982-05-22","38","661","TE","Alex Smith"
"NULL","1982-07-26","35","52","TE","Joel Dreessen"
"NULL","1988-08-03","33","868","TE","Virgil Green"
"NULL","1992-01-08","33","2600","RB","Ricky Seale"
"NULL","1997-10-24","24","7190","RB","Bronson Rechsteiner"
"NULL","1991-12-31","30","1898","WR","James Wright"
"NULL","1995-11-22","26","4681","WR","Reggie Davis"
"NULL","1991-06-24","29","2140","WR","Jeff Janis"
"NULL","1995-08-25","26","5164","WR","Simmie Cobbs"
"CLE","NULL","NULL","13101","WR","Gage Larvadain"
"NULL","2000-12-17","24","12061","RB","Noah Cain"
"NULL","1994-01-12","28","3582","WR","Chester Rogers"
"JAX","2002-10-08","22","11631","WR","Brian Thomas"
"NULL","1995-10-11","26","5358","TE","Anthony Manzo-Lewis"
"NULL","1998-04-10","25","11523","WR","Cody Chrest"
"NULL","2000-01-12","25","12212","TE","Austin Stogner"
"NULL","1991-04-25","27","1054","WR","Stephen Hill"
"DET","1997-06-07","28","5892","RB","David Montgomery"
"NULL","1991-08-28","29","2559","TE","E.J. Bibbs"
"NULL","1993-02-26","27","2514","TE","Kennard Backman"
"NULL","1992-11-29","29","2026","RB","George Atkinson"
"NULL","1990-06-23","31","2477","RB","Cameron Artis-Payne"
"NULL","NULL","NULL","8572","WR","Andrew Parchment"
"NULL","1996-10-30","25","6007","RB","Ryquell Armstead"
"NULL","1993-05-10","28","3783","WR","Paul Turner"
"NULL","1995-05-23","26","4327","TE","Colin Jeter"
"NULL","1985-07-23","35","768","TE","Scott Chandler"
"NULL","1995-06-22","26","5210","WR","Korey Robertson"
"NULL","1994-04-17","28","3355","WR","Cody Core"
"IND","2000-03-13","25","13162","TE","Max Mang"
"NULL","1993-06-03","27","2441","RB","David Cobb"
"NULL","1985-10-14","34","458","RB","Justin Forsett"
"PIT","1993-04-10","28","2118","TE","Eric Ebron"
"NULL","1997-02-28","26","7081","QB","James Morgan"
"NULL","1996-03-01","25","6755","WR","Tavonn Salter"
"PIT","1997-07-31","28","6290","WR","Scotty Miller"
"PHI","NULL","NULL","13150","WR","Darius Cooper"
"NULL","1992-01-12","28","2773","WR","Tyler Murphy"
"ATL","1998-12-26","26","11186","RB","Carlos Washington"
"CAR","2003-07-21","22","11583","RB","Jonathon Brooks"
"NULL","1996-10-15","25","7396","WR","Devin Phelps"
"DET","1996-03-08","29","5127","QB","Kyle Allen"
"NULL","NULL","NULL","11447","TE","Kris Leach"
"SEA","2002-11-29","22","12497","WR","Tory Horton"
"NULL","1994-03-20","27","5408","WR","Sergio Bailey"
"CLE","2004-09-14","20","12469","RB","Dylan Sampson"
"NULL","1993-05-05","31","3020","TE","Dan Light"
"NULL","1991-01-08","34","2879","WR","Isiah Ferguson"
"SF","1995-01-26","30","5285","TE","Ross Dwelley"
"NULL","1990-01-15","31","1603","TE","Luke Willson"
"NULL","1991-11-13","33","2930","TE","Justin Tukes"
"NULL","1993-06-04","28","4931","QB","Austin Appleby"
"NULL","1993-07-28","25","3923","WR","Franky Okafor"
"NULL","1997-11-10","25","8697","WR","Kevin Shaa"
"DEN","1999-09-21","25","12933","TE","Caden Prieskorn"
"CAR","1995-01-15","30","4274","WR","David Moore"
"CAR","NULL","NULL","13179","WR","Ja'seem Reed"
"NULL","1989-10-23","32","1332","WR","Ifeanyi Momah"
"NULL","2000-02-28","22","8217","RB","Leddie Brown"
"NULL","1989-07-14","31","1147","TE","James Hanna"
"NULL","NULL","NULL","12461","WR","Player Invalid"
"NULL","1997-12-15","27","6845","RB","Zack Moss"
"NULL","1983-08-28","37","370","WR","Nate Washington"
"NULL","1992-05-24","26","3897","TE","Paul Lang"
"NULL","1999-04-03","24","11366","WR","Chris Coleman"
"NULL","1990-11-13","31","1390","WR","Cobi Hamilton"
"NULL","1996-03-24","26","6535","TE","Nate Becker"
"NULL","1994-10-20","27","4305","RB","Tyler Renew"
"NULL","NULL","NULL","3935","WR","Alex Chisum"
"NULL","1991-03-14","27","2876","WR","Ed Williams"
"NULL","NULL","NULL","11639","WR","Player Invalid"
"NULL","1983-06-20","38","246","RB","Darren Sproles"
"NULL","1981-06-25","40","178","QB","Matt Schaub"
"NULL","1999-08-16","23","8187","RB","CJ Verdell"
"IND","1998-10-09","26","8219","TE","Jelani Woods"
"NULL","1990-02-25","30","2268","TE","Rashaun Allen"
"NULL","1993-02-24","29","4489","WR","Gehrig Dieter"
"NULL","1991-05-07","29","1164","WR","Rueben Randle"
"NULL","1998-10-26","25","7603","WR","Shi Smith"
"NULL","1999-06-23","25","7751","WR","Dax Milne"
"NULL","NULL","NULL","8052","WR","Donte Sylencieux"
"NULL","1997-12-26","25","8731","WR","Shemar Bridges"
"NULL","1994-12-09","27","5463","RB","Mark Thompson"
"NULL","NULL","NULL","7935","WR","Eli Stove"
"NULL","1997-01-18","24","6618","TE","Isaiah Searight"
"NULL","1996-02-24","28","5046","RB","Royce Freeman"
"NULL","1993-10-06","28","4621","TE","Caleb Bluiett"
"ATL","1997-10-16","27","7075","TE","Charlie Woerner"
"NULL","1987-10-24","34","1329","WR","Chris Hogan"
"TEN","2002-09-06","22","12502","TE","Gunnar Helm"
"BAL","1999-11-29","25","7571","WR","Rashod Bateman"
"CIN","1998-01-06","27","8783","WR","Kendric Pryor"
"NULL","1997-02-28","24","6728","TE","Jackson Harris"
"NULL","1989-03-21","31","1307","RB","Dan Herron"
"NULL","1995-05-02","26","5465","TE","Nick Keizer"
"NULL","1994-11-01","30","4854","WR","River Cracraft"
"NULL","1991-11-23","30","1601","RB","Spencer Ware"
"NULL","1992-06-06","32","2783","WR","Kenzel Doe"
"NULL","1996-05-23","26","5197","WR","Rico Gafford"
"WAS","2001-07-18","24","13120","WR","Jacoby Jones"
"NULL","2002-06-25","22","11590","RB","Jase McClellan"
"CIN","2000-02-11","25","12210","WR","Cole Burgess"
"NULL","1992-06-30","26","3887","TE","Ben McCord"
"NULL","1993-03-25","29","4878","WR","Brandon Zylstra"
"NULL","1992-04-13","29","2040","TE","Scott Simonson"
"NULL","1997-03-29","26","5975","TE","Alize Mack"
"TEN","1997-05-05","28","8924","TE","Thomas Odukoya"
"NULL","1988-01-09","35","627","WR","Andre Roberts"
"PHI","2001-05-31","24","11615","WR","Ainias Smith"
"NULL","1996-12-30","25","6705","RB","Taj McGowan"
"NULL","1999-10-24","23","11418","WR","Taye Barber"
"NYJ","2001-03-08","24","11306","WR","Xavier Gipson"
"NULL","1993-12-14","28","4596","RB","Tion Green"
"WAS","1995-09-15","29","5927","WR","Terry McLaurin"
"NULL","1997-08-01","23","7096","QB","Kaleb Barker"
"NULL","1999-01-12","26","7554","TE","Tre' McKitty"
"NULL","NULL","NULL","12308","RB","Samson Evans"
"NULL","1995-08-23","27","6209","WR","Ishmael Hyman"
"NULL","1995-08-23","29","5974","QB","Trace McSorley"
"NULL","1997-10-22","24","7203","RB","Antonio Williams"
"NULL","1995-09-09","26","5618","RB","Larry Rose"
"MIN","1994-12-02","30","4199","RB","Aaron Jones"
"NULL","1993-02-22","28","4515","WR","B.J. Johnson"
"NULL","1991-09-18","30","2595","TE","Tim Semisch"
"NULL","1996-06-01","25","6449","WR","Dorian Baker"
"NULL","1998-02-27","25","6156","RB","Benny Snell"
"HOU","1996-11-18","28","4950","WR","Christian Kirk"
"NULL","1992-12-30","29","3150","WR","Xavier Rush"
"NULL","NULL","NULL","6399","TE","Kano Dillon"
"NULL","1990-05-21","31","1777","TE","Josh Hill"
"LAC","2002-06-08","23","12472","RB","Raheim Sanders"
"NULL","1990-02-20","28","1665","WR","Tobais Palmer"
"MIA","2001-09-09","23","12865","WR","AJ Henning"
"CAR","2001-10-30","23","11646","WR","Jalen Coker"
"NULL","1992-11-09","29","4004","TE","Chris Briggs"
"NULL","1990-09-19","29","2223","RB","Charles Sims"
"NE","1995-08-04","30","4454","WR","Kendrick Bourne"
"NULL","1984-08-12","37","284","TE","Delanie Walker"
"NULL","1991-02-15","30","1610","WR","Ryan Spadola"
"NYJ","2004-05-08","21","12498","TE","Mason Taylor"
"NYJ","NULL","NULL","13242","RB","Lawrance Toafili"
"NULL","1994-10-24","28","4085","TE","Adam Shaheen"
"NYG","2002-02-05","23","12481","RB","Cam Skattebo"
"NULL","1994-05-09","27","3621","WR","Jordan Williams-Lambert"
"NULL","1992-07-25","29","3880","TE","M.J. McFarland"
"HOU","2000-06-01","25","10218","WR","Xavier Hutchinson"
"NULL","1997-06-18","24","8019","WR","Devontres Dukes"
"NULL","NULL","NULL","12169","WR","Reggie Brown"
"DAL","NULL","NULL","12850","TE","Tyler Neville"
"ATL","1996-05-29","29","6154","WR","David Sills"
"ARI","1998-09-16","26","6931","RB","DeeJay Dallas"
"NULL","1990-10-13","34","2597","RB","Michael Dyer"
"NULL","1993-02-22","27","2731","RB","Akeem Hunt"
"NULL","1996-05-16","28","5886","TE","Hakeem Butler"
"LAR","2000-10-01","24","11623","WR","Jordan Whittington"
"NULL","1996-11-18","28","5915","WR","Andy Isabella"
"NULL","1995-11-06","24","6097","WR","Jamal Custis"
"NULL","1991-09-26","25","2145","QB","Chase Rettig"
"NULL","1993-01-30","27","2823","WR","Rannell Hall"
"NULL","1996-10-02","25","7158","QB","Riley Neal"
"NULL","1995-07-31","28","6450","QB","David Blough"
"NULL","1992-10-10","29","2004","WR","Cody Latimer"
"NULL","1991-12-26","33","2549","QB","Trevor Siemian"
"NULL","1997-11-01","25","8863","WR","Kaylon Geiger"
"LV","1996-06-06","29","4995","TE","Ian Thomas"
"NULL","1986-08-08","35","269","WR","Pierre Garcon"
"NULL","1995-06-29","26","6365","TE","Carson Meier"
"NULL","1992-09-22","29","2082","TE","Xavier Grimble"
"NULL","1980-07-05","37","468","TE","Ben Hartsock"
"JAX","2002-08-30","22","9225","RB","Tank Bigsby"
"NULL","1996-09-13","25","7218","TE","Cam Sutton"
"NULL","1998-03-30","26","7589","QB","Ian Book"
"NULL","1996-01-08","28","6063","WR","Tyron Billy-Johnson"
"HOU","1996-07-24","29","4018","RB","Joe Mixon"
"CLE","NULL","NULL","13227","WR","Mitch Van Vooren"
"NULL","1993-01-20","31","2319","WR","DeVante Parker"
"SEA","2002-05-03","23","11603","TE","AJ Barner"
"NULL","1991-08-26","30","2555","TE","Gerald Christian"
"NULL","1994-06-12","27","4533","RB","James Summers"
"NULL","1995-08-11","26","4721","WR","Shakeir Ryan"
"NO","1997-04-04","28","8094","TE","Michael Jacobson"
"NULL","1992-09-21","29","2699","WR","Cameron Meredith"
"NULL","1994-05-09","25","3639","WR","Duplicate Player"
"NULL","1993-11-04","29","4229","TE","Mason Schreck"
"NULL","2001-06-12","23","11863","WR","Leon Johnson"
"IND","1999-06-09","26","12190","QB","Jason Bean"
"NULL","1997-04-25","24","6438","WR","Kelvin McKnight"
"NULL","1985-05-31","36","175","WR","Jordy Nelson"
"NULL","1991-02-22","30","2039","WR","Seth Roberts"
"NULL","1995-03-09","26","5249","WR","Andre Levrone"
"NULL","1993-01-13","28","3548","WR","Jamal Robinson"
"NO","2002-06-11","23","9757","RB","Kendre Miller"
"BUF","1999-09-22","25","7670","WR","Joshua Palmer"
"NULL","1997-08-07","24","7035","WR","Kendrick Rogers"
"NULL","1991-01-14","29","1436","TE","Justice Cunningham"
"NULL","NULL","NULL","13205","TE","Luke Deal"
"NULL","1991-01-01","32","2229","QB","Garrett Gilbert"
"NULL","1993-11-10","28","4626","WR","Amba Etta-Tawo"
"NULL","1994-10-12","25","5796","WR","Austin Wolf"
"NULL","1994-09-02","27","5275","WR","Jeff Badet"
"NULL","1992-08-17","28","1928","RB","Antonio Andrews"
"NE","1998-02-23","27","7611","RB","Rhamondre Stevenson"
"NULL","1988-12-27","29","1330","WR","Junior Hemingway"
"NULL","1992-09-29","25","3896","TE","Benson Browne"
"NULL","1992-03-21","28","2254","TE","Asante Cleveland"
"NE","2002-11-13","22","12547","WR","Kyle Williams"
"NULL","1994-09-16","27","5125","WR","Damoun Patterson"
"NULL","1996-11-07","25","8101","TE","Mark Vital"
"NULL","1994-07-14","24","3804","WR","Darrin Peterson"
"WAS","1993-07-30","28","3333","TE","Temarrick Hemingway"
"NULL","1994-03-05","27","4747","TE","Stevie Donatell"
"NULL","1990-01-06","30","7509","WR","Chris Owusu"
"NULL","1994-12-23","27","3297","WR","Tajae Sharpe"
"NULL","1988-02-09","33","1138","WR","Rod Streater"
"NULL","1995-05-08","26","5276","TE","Tyler Hoppes"
"NULL","1992-11-24","29","4239","RB","De'Angelo Henderson"
"NULL","2001-04-11","23","11857","RB","Daijun Edwards"
"NULL","1987-03-17","35","538","WR","Emmanuel Sanders"
"NULL","1995-04-09","29","4197","WR","Isaiah McKenzie"
"NULL","1997-02-11","27","5890","RB","Damien Harris"
"NULL","1990-10-17","27","2221","WR","Solomon Patton"
"NULL","NULL","NULL","9755","RB","Player Invalid"
"MIA","1998-02-10","27","8005","WR","Tarik Black"
"NULL","1988-12-07","31","915","RB","Roy Helu"
"LAR","2000-08-26","24","8150","RB","Kyren Williams"
"NULL","2000-01-13","25","12187","TE","Malcolm Epps"
"GB","2000-04-13","25","8121","WR","Romeo Doubs"
"LAC","1999-11-26","25","8123","RB","Hassan Haskins"
"NULL","1994-07-15","27","4355","WR","Tim White"
"NULL","1997-07-24","27","8033","TE","Bernhard Seikovits"
"NULL","1992-12-30","32","3161","QB","Carson Wentz"
"NULL","1981-01-03","39","188","QB","Eli Manning"
"NULL","1994-09-11","28","5111","WR","Javon Wims"
"NULL","1994-11-15","27","5791","RB","Gerald Holmes"
"HOU","2000-12-06","24","12705","QB","Graham Mertz"
"PIT","1998-10-25","26","7600","TE","Pat Freiermuth"
"SEA","1999-06-04","26","8527","WR","Dareke Young"
"NO","NULL","NULL","13026","WR","Moochie Dixon"
"NULL","1988-03-22","33","717","RB","Chris Ivory"
"ARI","1999-01-20","26","11199","RB","Emari Demercado"
"NULL","1996-09-08","27","6002","RB","Qadree Ollison"
"NULL","1998-01-20","24","8602","WR","Danny Davis"
"NE","2002-02-18","23","11645","WR","Javon Baker"
"NULL","1982-11-09","37","64","TE","Owen Daniels"
"NULL","1992-01-13","33","2672","WR","Damarr Aultman"
"MIA","2001-06-25","24","12860","WR","Theo Wease"
"NULL","1983-08-31","38","223","WR","Larry Fitzgerald"
"NULL","1981-12-08","40","331","QB","Philip Rivers"
"NULL","1999-10-01","24","11104","RB","SaRodorick Thompson"
"NULL","1998-03-21","26","7604","WR","Tamorrion Terry"
"NULL","1995-01-02","27","5168","RB","Jordan Chunn"
"NULL","1986-01-15","31","98","TE","Fred Davis"
"NULL","1988-10-06","31","601","TE","Andrew Quarless"
"LV","2001-06-18","24","12688","QB","Cam Miller"
"NULL","1990-09-12","28","2520","WR","Andre Debose"
"NULL","1992-09-29","29","3420","WR","Alonzo Russell"
"NULL","NULL","NULL","12456","WR","Player Invalid"
"ATL","NULL","NULL","4922","WR","Garrett Scantling"
"CLE","2000-12-28","24","12486","QB","Dillon Gabriel"
"NULL","1992-08-16","29","5831","WR","Bryant Mitchell"
"TEN","1999-09-08","25","10212","TE","Josh Whyle"
"ARI","1998-06-04","27","11381","TE","Travis Vokolek"
"NULL","1980-05-20","37","670","WR","Kassim Osgood"
"GB","1999-05-25","26","8161","QB","Malik Willis"
"NULL","1996-08-06","25","5201","RB","Terry Swanson"
"NULL","1989-12-12","33","1559","QB","Mike Glennon"
"NULL","NULL","NULL","7557","TE","Player Invalid"
"NULL","1998-07-31","23","7558","WR","Whop Philyor"
"ATL","1996-09-23","28","4951","WR","DJ Chark"
"DET","2001-07-30","24","11729","RB","Sione Vaki"
"NULL","1999-04-07","26","11483","RB","Ellis Merriweather"
"PIT","1998-11-01","26","8228","RB","Jaylen Warren"
"NULL","1993-11-26","28","4786","WR","Jhajuan Seales"
"NULL","1994-08-06","27","5774","TE","Cam Serigne"
"NULL","1997-10-25","25","8229","WR","Isaiah Weston"
"NO","2000-09-28","24","11562","QB","Spencer Rattler"
"NULL","1993-01-02","29","2599","RB","Bronson Hill"
"MIN","1998-05-12","27","8230","RB","Ty Chandler"
"NULL","1990-10-17","27","1983","WR","Damian Copeland"
"KC","1996-05-16","29","6011","QB","Gardner Minshew"
"NULL","1989-09-22","27","822","WR","Tandon Doss"
"NULL","1988-09-20","31","1107","TE","Coby Fleener"
"BUF","1995-03-25","30","5089","QB","Mike White"
"NULL","1980-04-21","40","142","QB","Tony Romo"
"NULL","1993-01-29","28","3296","TE","Seth DeValve"
"NULL","NULL","NULL","7393","RB","Sirgeo Hoffman"
"NULL","1995-04-04","28","4453","WR","Victor Bolden"
"NULL","NULL","NULL","12268","QB","Colby Suits"
"NULL","1993-05-08","28","4680","WR","Larry Clark"
"NULL","1997-12-28","26","8732","WR","Raleigh Webb"
"NULL","1990-03-14","31","3921","TE","Nick Truesdell"
"NULL","1999-06-22","24","7581","QB","Kellen Mond"
"NULL","1995-10-23","29","5814","WR","Frank Stephens"
"DEN","1996-08-08","28","6136","QB","Jarrett Stidham"
"NULL","1993-10-27","28","4749","WR","Cameron Posey"
"NULL","1995-02-09","26","6590","TE","Michael Colubiale"
"NULL","1997-08-06","24","7173","WR","Jalen McCleskey"
"NULL","1995-04-26","29","5171","TE","Kevin Rader"
"PHI","2002-09-19","22","12494","QB","Kyle McCord"
"NULL","1992-06-05","28","2478","WR","Keith Mumphery"
"NULL","1995-07-21","26","3492","WR","Jalin Marshall"
"NULL","1994-09-16","29","4942","WR","Marcell Ateman"
"CAR","2001-01-29","24","11626","WR","Xavier Legette"
"NULL","1993-11-21","29","4146","WR","Dede Westbrook"
"KC","2002-10-21","22","11582","RB","Carson Steele"
"BUF","2003-05-17","22","11637","WR","Keon Coleman"
"NULL","1996-09-14","25","7744","WR","Antonio Nunn"
"NULL","1992-06-22","28","2196","WR","Brandon Coleman"
"NULL","1979-12-27","40","91","QB","Carson Palmer"
"LV","2000-04-17","25","9489","WR","Justin Shorter"
"NULL","1999-04-23","23","8559","TE","Josh Babicz"
"NULL","2000-04-21","24","11864","TE","Zach Heins"
"NULL","1991-06-12","29","2428","TE","Vince Mayle"
"BUF","2002-03-13","23","11573","RB","Frank Gore"
"KC","2002-12-09","22","12817","TE","Jake Briningstool"
"NULL","1995-09-04","26","5700","RB","Robert Martin"
"NULL","1996-09-01","26","7288","TE","Ben Ellefson"
"CIN","1997-11-20","27","5857","TE","Noah Fant"
"HOU","2001-06-29","24","12725","TE","Luke Lachey"
"MIA","2003-03-15","22","12500","QB","Quinn Ewers"
"NULL","1997-12-10","25","6730","QB","Jordan Ta'amu"
"NULL","1996-10-09","25","7395","WR","Rashad Medaris"
"NULL","1996-09-28","25","8103","QB","Ryan Willis"
"NE","1999-09-27","25","13065","QB","Ben Wooldridge"
"NULL","1985-11-02","36","491","WR","Danny Amendola"
"DEN","1996-02-25","29","5154","WR","Trent Sherfield"
"NULL","1990-12-10","29","6735","WR","Duplicate Player"
"NULL","1995-02-14","26","5118","QB","Tanner Lee"
"NULL","1993-01-21","28","3347","QB","Jake Rudock"
"NULL","1993-07-20","28","3273","WR","Malcolm Mitchell"
"CIN","2000-03-21","25","9224","RB","Chase Brown"
"NULL","1994-04-19","24","5352","RB","Ryan Green"
"TEN","2002-04-12","23","12520","WR","Xavier Restrepo"
"NULL","1986-05-21","34","992","WR","Ricardo Lockette"
"GB","1999-05-18","26","8204","WR","Bo Melton"
"MIN","1998-05-20","27","11073","WR","Thayer Thomas"
"SEA","2003-04-05","22","12521","TE","Elijah Arroyo"
"NULL","1995-06-09","26","6357","WR","Shawn Bane"
"NULL","1995-12-21","26","5094","TE","Ryan Izzo"
"SF","1987-05-01","30","4914","RB","Glen Coffee"
"NULL","1983-04-20","37","71","WR","Jason Avant"
"NULL","1996-05-17","25","6169","RB","James Williams"
"JAX","2001-09-12","23","12479","RB","Ja'Quinden Jackson"
"NULL","1994-08-22","27","5265","QB","Nic Shimonek"
"BAL","1995-09-06","29","5012","TE","Mark Andrews"
"NULL","1998-07-01","23","8027","RB","Tre Harbison"
"HOU","2002-12-15","22","12484","WR","Jayden Higgins"
"NULL","1999-09-02","23","8234","WR","Jaivon Heiligh"
"BAL","1999-05-13","26","7595","WR","Tylan Wallace"
"PIT","1997-08-16","27","6074","TE","Donald Parham"
"NULL","1991-09-06","30","2593","WR","Antwan Goodley"
"NULL","1996-02-10","27","6308","TE","Ian Bunting"
"GB","2000-11-29","24","11815","WR","Cornelius Johnson"
"NULL","1994-06-21","27","4934","WR","Jalen Williams"
"NULL","NULL","NULL","12077","WR","Lincoln Victor"
"NULL","1988-09-16","32","978","RB","Kendall Hunter"
"NULL","1990-12-19","31","2093","WR","Ryan Grant"
"CHI","NULL","NULL","5282","WR","Duplicate Player"
"WAS","2000-03-01","25","11942","TE","Colson Yankoff"
"NE","1994-10-29","30","3202","TE","Austin Hooper"
"NULL","1993-10-16","28","3336","TE","Moritz Bohringer"
"MIN","1999-06-16","26","6794","WR","Justin Jefferson"
"NULL","1998-07-12","22","7517","WR","Duplicate Player"
"CLE","1999-11-09","25","11347","WR","Chase Cota"
"NULL","1991-10-03","30","2529","RB","Marcus Murphy"
"NULL","1991-05-14","29","1026","RB","Bryce Brown"
"NULL","2000-04-07","23","11089","WR","Jordan Byrd"
"NULL","1992-11-18","25","2904","WR","Issac Blakeney"
"BUF","1999-08-18","25","11377","WR","Tyrell Shavers"
"NULL","1998-09-02","25","11184","WR","Daniel Arias"
"NULL","1997-06-27","24","7400","WR","Manasseh Bailey"
"NULL","NULL","NULL","7988","WR","Riley Lees"
"NULL","1994-02-02","27","6322","WR","Xavier Ubosi"
"NULL","1994-12-12","29","8411","WR","Devon Allen"
"NULL","1992-12-05","27","2611","WR","Kasen Williams"
"NULL","NULL","NULL","3019","WR","James Butler"
"NULL","1991-10-28","33","2943","RB","Mark Weisman"
"NULL","1995-11-03","28","7992","TE","Matt Bushman"
"NULL","1980-08-06","37","662","QB","Seneca Wallace"
"NULL","2000-03-19","25","8202","WR","Michael Woods"
"NULL","1990-03-12","33","1067","WR","Marvin Jones"
"NULL","1986-12-27","35","323","RB","Jamaal Charles"
"NULL","1992-10-25","32","2381","WR","Chris Conley"
"CAR","2003-03-27","22","11600","TE","Ja'Tavion Sanders"
"NULL","1994-10-29","27","4475","QB","Sefo Liufau"
"NULL","1993-03-07","28","3532","RB","Kenneth Farrow"
"NULL","1981-12-31","36","673","QB","Jason Campbell"
"NULL","1992-03-07","29","2917","TE","Brian Vogler"
"NULL","1988-07-12","33","676","RB","LeSean McCoy"
"NULL","1998-08-04","26","12126","TE","Isaac Rex"
"NULL","1996-08-17","27","6553","RB","Austin Walter"
"NULL","1997-02-15","27","5980","RB","Myles Gaskin"
"NULL","1991-02-17","30","1903","WR","Taylor Gabriel"
"PHI","2000-04-27","25","9230","QB","Tanner McKee"
"CHI","1995-08-09","29","5008","TE","Durham Smythe"
"NULL","1995-02-19","26","5785","RB","James Butler"
"NULL","1996-08-24","25","6628","WR","Ventell Bryant"
"NULL","1997-12-04","27","8665","TE","Armani Rogers"
"NULL","1998-09-08","25","10651","RB","Mohamed Ibrahim"
"NULL","1996-03-21","26","4160","WR","Josh Malone"
"NULL","1996-11-06","25","6269","QB","Kyle Shurmur"
"NULL","1987-10-22","32","1704","RB","Chase Reynolds"
"NULL","1992-12-30","32","2939","WR","Javess Blue"
"NULL","NULL","NULL","12454","TE","Eli Stowers"
"LAC","2001-09-06","23","9754","WR","Quentin Johnston"
"NULL","1995-03-13","26","5760","WR","Josh Crockett"
"NULL","1996-09-29","25","5112","RB","Bo Scarbrough"
"NULL","1993-02-19","29","2431","RB","Mike Davis"
"NULL","1991-06-01","26","1324","RB","Edwin Baker"
"NULL","1989-11-14","35","2752","WR","Trent Steelman"
"NULL","1995-07-06","26","5800","RB","Justin Stockton"
"NULL","1994-04-22","27","4607","QB","Zach Conque"
"NULL","NULL","NULL","12363","WR","Xavier Wade"
"NULL","2000-09-17","23","11126","TE","Michael Ezeike"
"NULL","1985-08-21","32","348","RB","Shonn Greene"
"IND","1996-11-17","28","6453","WR","D.J. Montgomery"
"NULL","1996-06-06","25","5587","RB","Chris Warren"
"NULL","NULL","NULL","12503","WR","Isaiah Bond"
"NULL","1995-05-02","29","5235","TE","David Wells"
"NULL","1994-09-21","27","5705","WR","John Franklin"
"NULL","2000-06-06","24","11607","WR","Hayden Hatten"
"NULL","2001-06-15","23","11580","RB","Dillon Johnson"
"NULL","1994-07-06","28","3177","WR","Corey Coleman"
"NULL","1986-10-10","33","659","RB","Cedric Peerman"
"NULL","1989-06-20","32","1020","WR","Terrelle Pryor"
"NULL","1994-05-21","27","4537","RB","Jordan Johnson"
"NULL","1992-06-10","28","2095","WR","Rashad Lawrence"
"NULL","1994-06-01","28","5570","WR","Chad Beebe"
"NULL","NULL","NULL","13238","WR","Winston Wright"
"TEN","NULL","NULL","13210","TE","Drake Dabney"
"NULL","1984-08-09","37","233","QB","Matt Moore"
"NULL","1986-03-19","34","78","RB","Ahmad Bradshaw"
"NULL","1995-11-14","26","6446","RB","Jon Hilliman"
"NULL","1984-10-04","35","749","TE","Zach Miller"
"MIA","1996-11-07","28","6894","TE","Mitchell Wilcox"
"NULL","1990-03-06","27","2293","RB","Demitrius Bronson"
"NULL","NULL","NULL","12786","TE","Anthony Landphere"
"NULL","1992-11-07","29","3440","QB","Josh Woodrum"
"NULL","1987-08-27","33","326","RB","Darren McFadden"
"NULL","1992-06-21","26","2848","WR","Kyle Prater"
"NULL","1993-03-18","28","4806","RB","Brandon Radcliff"
"CAR","NULL","NULL","7618","WR","Micah Simon"
"IND","2002-10-08","22","11625","WR","Adonai Mitchell"
"NULL","1993-11-19","28","4767","QB","Dane Evans"
"MIA","2001-01-27","24","12389","TE","Hayden Rucci"
"NULL","1994-02-27","27","4610","WR","Deante' Gray"
"NULL","1994-07-08","27","5747","WR","Kayaune Ross"
"NULL","1997-03-20","27","11540","TE","La'Michael Pettway"
"NULL","1989-01-06","36","2922","TE","Devin Mahina"
"NO","1999-06-22","26","6938","RB","Cam Akers"
"NULL","1996-07-30","25","7367","WR","Will Hastings"
"NULL","1992-05-06","26","2638","WR","Reggie Bell"
"NULL","2000-08-17","24","11080","WR","Malik Knowles"
"NULL","1997-04-25","25","7972","TE","Tony Poljan"
"ATL","1995-04-03","30","4198","WR","Jamal Agnew"
"NULL","1995-10-14","26","4938","WR","Speedy Noil"
"NULL","1997-04-16","24","6552","WR","Malik Henry"
"MIA","2001-05-16","24","11821","WR","Tahj Washington"
"NULL","1991-02-05","30","2182","WR","Kelvin Benjamin"
"NULL","1991-02-03","30","1485","TE","Gavin Escobar"
"NULL","1990-02-08","31","1455","QB","Zac Dysert"
"NULL","1993-05-08","28","3655","WR","Reggie Diggs"
"NULL","2000-02-24","22","8407","RB","T.J. Pledger"
"NULL","1992-08-29","32","2800","WR","Mario Hull"
"LAC","1999-12-23","25","7537","RB","Jaret Patterson"
"IND","2003-08-26","21","12471","RB","DJ Giddens"
"SF","2004-03-29","21","12467","RB","Jordan James"
"NULL","1989-12-27","35","2909","TE","Beau Gardner"
"NULL","1997-07-08","24","5889","RB","Bryce Love"
"NULL","1983-11-24","36","250","TE","Matt Spaeth"
"NULL","1993-04-21","25","3905","TE","Mandel Dixon"
"NULL","1992-10-13","32","2577","WR","Devante Davis"
"NULL","1988-07-22","30","2615","WR","Doug McNeil"
"NULL","1996-01-28","27","5661","WR","Chris Lacy"
"NULL","1996-08-19","25","6439","TE","Hale Hentges"
"NULL","1991-04-06","26","2177","RB","Jerome Smith"
"MIA","2000-01-25","25","8114","WR","Erik Ezukanma"
"NULL","1994-01-18","28","3503","WR","Geronimo Allison"
"NO","2000-06-27","25","8144","WR","Chris Olave"
"LAC","2002-03-18","23","11621","WR","Brenden Rice"
"MIA","1995-10-06","29","6529","TE","Chris Myarick"
"BUF","1996-05-21","29","4984","QB","Josh Allen"
"NULL","1999-11-15","25","11053","WR","Antoine Green"
"NULL","1982-11-14","34","388","QB","Kyle Orton"
"NULL","1998-01-01","24","7234","WR","Maurice Ffrench"
"NULL","1992-02-03","30","1848","RB","James White"
"DET","2003-03-24","22","12938","WR","Jackson Meeks"
"NULL","1998-02-16","26","7579","WR","Austin Watkins"
"NULL","2000-08-01","24","12029","WR","Tyler Harrell"
"NULL","1991-01-04","26","2124","TE","Jacob Maxwell"
"NULL","1999-03-19","22","7580","WR","Khalil McClain"
"IND","1993-09-17","24","4937","WR","Al Riles"
"NYJ","NULL","NULL","12907","WR","Quentin Skinner"
"NULL","1995-03-09","26","4328","WR","Jerome Lane"
"NULL","1989-02-08","35","947","WR","Julio Jones"
"NULL","1992-09-15","28","1937","RB","Bishop Sankey"
"NULL","1990-04-26","31","1957","QB","Tom Savage"
"NULL","1996-03-10","25","6261","WR","Reggie White"
"NULL","1999-09-03","22","7582","WR","Jhamon Ausbon"
"IND","2001-08-12","23","9500","WR","Josh Downs"
"IND","2001-04-06","24","11762","WR","Anthony Gould"
"PHI","1998-03-27","27","7602","TE","Kylen Granson"
"TEN","2002-10-04","22","12516","RB","Kalel Mullings"
"NULL","1997-03-17","22","6313","WR","Duplicate Player"
"NULL","1990-07-07","31","1564","RB","Benny Cunningham"
"TEN","1999-12-26","25","12357","TE","David Martin-Robinson"
"NYJ","1993-08-05","28","3668","TE","Joshua Perkins"
"NULL","1998-10-22","24","11231","TE","Christian Trahan"
"NYJ","1999-08-12","25","11130","WR","Pokey Wilson"
"NULL","1989-04-04","32","1411","QB","Landry Jones"
"NULL","1996-03-22","25","6318","RB","Jordan Ellis"
"NULL","1991-04-25","30","1048","RB","Lamar Miller"
"LAC","1996-07-08","29","5010","TE","Will Dissly"
"BUF","1997-09-17","27","6039","RB","Ty Johnson"
"SF","1998-03-17","27","6803","WR","Brandon Aiyuk"
"NULL","1992-04-29","26","2928","TE","John Peters"
"NULL","1990-05-11","28","1691","WR","Chuck Jacobs"
"NULL","1989-01-25","31","891","WR","Vincent Brown"
"JAX","2004-08-05","21","12544","RB","LeQuint Allen"
"NULL","1999-09-08","23","11249","RB","Chris Smith"
"BAL","2000-09-11","24","9997","WR","Zay Flowers"
"NULL","1995-01-18","26","5407","RB","Ervin Philips"
"NULL","1996-03-21","28","6032","WR","Keelan Doss"
"NULL","NULL","NULL","7512","RB","Aaron Smith"
"NULL","1991-11-12","26","2722","TE","Jimmay Mundine"
"NYG","2000-03-26","25","8172","TE","Greg Dulcich"
"NULL","1994-01-27","27","4730","TE","Sam Cotton"
"NULL","1998-09-11","24","11359","WR","Kody Case"
"NULL","1983-04-29","37","416","QB","Jay Cutler"
"NULL","1985-06-20","35","144","QB","Matt Flynn"
"NULL","1996-05-02","26","7092","WR","Chris Finke"
"NULL","1992-07-22","32","2916","WR","Ify Umodu"
"NULL","1999-11-10","25","12398","WR","Jadon Janke"
"NULL","1989-12-16","30","1033","RB","Chris Polk"
"NULL","2001-05-30","24","9222","RB","Zach Evans"
"NULL","1998-04-13","26","7576","TE","Sage Surratt"
"CLE","2004-07-20","21","12506","TE","Harold Fannin"
"NULL","1999-01-21","23","7613","WR","Jonathan Adams"
"NULL","1999-08-10","23","8222","WR","Josh Johnson"
"NULL","1993-09-10","29","2331","WR","Breshad Perriman"
"NULL","NULL","NULL","12093","WR","Geordon Porter"
"NULL","1998-01-01","26","8193","QB","E.J. Perry"
"TB","2000-02-20","25","11421","WR","Ryan Miller"
"NULL","1995-01-06","28","6778","QB","Chris Streveler"
"ARI","1997-02-14","28","7050","TE","Josiah Deguara"
"NULL","1998-01-13","24","7903","TE","Briley Moore"
"NULL","NULL","NULL","8141","WR","Player Invalid"
"NULL","1995-12-02","26","5395","RB","Shaun Wilson"
"NULL","1999-03-03","25","8706","TE","Kehinde Oginni"
"NULL","1995-08-23","26","5464","RB","De'Lance Turner"
"PIT","1995-08-22","29","4144","TE","Jonnu Smith"
"CAR","1999-10-21","25","12009","QB","Jack Plummer"
"NYG","2001-01-05","24","8126","WR","Wan'Dale Robinson"
"PHI","2000-02-16","25","11773","RB","Keilan Robinson"
"NULL","1993-07-01","31","3551","QB","Max Wittek"
"DEN","1998-07-11","27","8249","TE","Lucas Krull"
"NULL","1988-08-23","36","2914","RB","Luke Lundy"
"LAR","1997-09-21","27","11168","WR","Xavier Smith"
"TEN","1996-07-26","29","6853","WR","Van Jefferson"
"NULL","1997-04-21","27","6557","WR","Jeff Smith"
"NULL","1995-02-14","26","3168","QB","Christian Hackenberg"
"NULL","1998-03-22","25","11537","RB","Wayne Taulapapa"
"NULL","1990-09-04","34","2771","WR","Jimmie Hunt"
"NULL","1990-09-25","26","1850","QB","Tajh Boyd"
"IND","1998-07-28","27","8489","TE","Drew Ogletree"
"NULL","1994-10-02","27","5239","QB","Lamar Jordan"
"TB","1999-04-24","26","8801","WR","Dennis Houston"
"DET","2002-10-06","22","12954","RB","Kye Robichaux"
"NULL","1998-02-04","25","8571","WR","Ra'Shaun Henry"
"NULL","1991-08-27","30","2430","RB","Javorius Allen"
"NULL","2001-11-10","23","11943","RB","Michael Wiley"
"NULL","NULL","NULL","12458","WR","Deion Burks"
"DET","1995-12-21","29","6239","WR","Malik Taylor"
"NULL","1979-06-23","39","654","RB","LaDainian Tomlinson"
"NULL","NULL","NULL","11438","WR","Dallas Daniels"
"ARI","1994-06-22","27","4451","WR","Isaac Whitney"
"NULL","1985-07-02","36","5820","RB","BenJarvus Green-Ellis"
"NULL","1994-08-21","27","5286","QB","Austin Allen"
"NULL","1989-09-23","30","2276","WR","Kevin Norwood"
"NULL","2000-08-19","23","8120","RB","Jerrion Ealy"
"NULL","1995-01-03","27","5752","RB","Sherman Badie"
"NULL","1999-01-24","22","6789","WR","Henry Ruggs"
"NULL","1992-10-22","24","1938","WR","Josh Stewart"
"NULL","1990-01-29","31","1471","WR","Brice Butler"
"SF","2000-03-09","25","11851","QB","Carter Bradley"
"NULL","1985-09-04","35","397","TE","Brandon Myers"
"CHI","1998-03-24","27","8235","WR","Samori Toure"
"LV","NULL","NULL","13122","TE","Carter Runyon"
"KC","2000-09-10","24","8168","WR","Skyy Moore"
"NULL","1992-03-24","32","2446","TE","MyCole Pruitt"
"NULL","1992-03-06","32","2567","QB","Bryan Bennett"
"NULL","2000-01-01","23","11528","WR","Garett Maag"
"NULL","2002-01-08","23","11946","WR","Marcus Rosemy-Jacksaint"
"NULL","1995-04-10","26","4823","WR","Keevan Lucas"
"DEN","1995-10-10","29","5045","WR","Courtland Sutton"
"NULL","1998-06-26","24","11388","QB","Nolan Henderson"
"NYG","2001-09-25","23","9497","WR","Jalin Hyatt"
"NULL","1996-08-05","25","6591","TE","Charles Jones"
"NULL","1997-12-19","24","7175","WR","Chris Rowland"
"NULL","1986-09-28","33","769","WR","Jordan Norwood"
"TB","2001-04-02","24","9492","WR","Trey Palmer"
"NULL","1994-02-01","27","4774","RB","De'Mard Llorens"
"NULL","1993-11-26","28","3934","RB","Troymaine Pope"
"NULL","1987-10-12","32","3653","TE","Brandon Williams"
"NULL","1989-06-02","31","1715","TE","Cooper Helfet"
"NULL","1995-12-07","29","6665","TE","Jody Fortson"
"DEN","NULL","NULL","12772","WR","Courtney Jackson"
"NULL","1990-09-18","31","3552","WR","Wendall Williams"
"NULL","1998-08-13","25","8570","WR","Derek Wright"
"NULL","1981-11-06","35","63","RB","Vonta Leach"
"ARI","2001-04-11","24","8122","RB","Bam Knight"
"CAR","1999-06-11","26","7594","RB","Chuba Hubbard"
"NULL","1994-07-22","29","5120","QB","Danny Etling"
"NULL","1986-04-27","31","1003","WR","Trindon Holliday"
"NULL","1989-12-06","30","1201","WR","Chris Givens"
"NULL","1994-01-16","27","4853","QB","Jerod Evans"
"NULL","1994-02-28","28","4536","TE","Jason Croom"
"NULL","1994-11-02","27","4940","TE","DeSean Smith"
"NULL","1998-04-07","24","6879","WR","Quartney Davis"
"NULL","1990-06-30","30","1347","TE","Chris Gragg"
"DAL","1999-03-11","26","11508","TE","Princeton Fant"
"NULL","1993-09-28","28","5427","WR","LaQuvionte Gonzalez"
"NULL","1994-04-21","30","3852","WR","Jaydon Mickens"
"DEN","1997-12-12","27","11834","WR","Devaughn Vele"
"NULL","1986-12-05","35","730","RB","LeGarrette Blount"
"NULL","1990-04-07","30","1635","TE","Timothy Wright"
"NULL","1993-09-26","24","3858","WR","Miles Shuler"
"NULL","1994-11-02","25","7099","QB","Tom Flacco"
"NULL","1993-03-05","32","2981","RB","Ross Scheuerman"
"DEN","NULL","NULL","13208","WR","Kyrese White"
"NULL","1995-05-26","26","4342","WR","Quincy Adeboyejo"
"NULL","1991-04-25","26","1801","WR","Quron Pratt"
"NULL","1997-06-13","24","7452","WR","Josh Pearson"
"NULL","1996-09-10","25","5252","RB","Ray Lawry"
"NULL","2000-04-20","25","11493","TE","Jordan Murray"
"NULL","1986-02-23","34","502","TE","Bear Pascoe"
"NULL","2000-02-11","24","12341","RB","Markese Stepp"
"NULL","1994-09-24","27","5246","TE","Jake Roh"
"NULL","1985-03-23","32","293","RB","Maurice Jones-Drew"
"NULL","1984-06-30","36","122","WR","Miles Austin"
"NULL","1995-02-24","26","5254","WR","Jimmy Williams"
"NULL","1994-01-25","27","3348","WR","Kolby Listenbee"
"NULL","1993-06-19","28","3701","WR","Ed Eagan"
"NULL","1994-04-18","27","5624","RB","Keith Ford"
"PHI","1998-04-23","27","6850","TE","Harrison Bryant"
"ATL","1996-10-15","28","5096","WR","Ray-Ray McCloud"
"NULL","1992-09-17","32","3811","RB","Alstevis Squirewell"
"NULL","1995-10-28","26","7100","WR","Derrick Dillon"
"KC","1995-08-06","30","4098","RB","Kareem Hunt"
"NULL","1989-05-30","31","835","WR","Greg Little"
"BAL","1999-02-10","26","8127","TE","Charlie Kolar"
"NULL","1999-12-09","25","12001","WR","Lawrence Keys"
"ATL","2000-11-27","24","12883","TE","Joshua Simon"
"NULL","1994-06-29","27","5103","TE","Dylan Cantrell"
"TB","1993-02-10","32","3200","WR","Sterling Shepard"
"NULL","1994-06-25","30","4089","TE","Gerald Everett"
"NULL","1998-04-18","25","8760","TE","Dre Miller"
"NULL","NULL","NULL","8418","WR","Jared Smart"
"GB","1996-10-31","25","6175","RB","Kerrith Whyte"
"NULL","1993-09-03","28","3878","TE","Austin Traylor"
"NULL","1992-10-15","31","2390","TE","Tyler Kroft"
"NULL","1993-10-02","28","2341","RB","T.J. Yeldon"
"NULL","1994-01-29","27","3393","WR","Devin Fuller"
"NULL","1996-09-11","26","8888","WR","Kameron Brown"
"HOU","1994-05-04","31","4718","RB","Dare Ogunbowale"
"NULL","1999-06-06","24","8431","QB","Chase Garbers"
"NYG","1999-08-29","25","7559","WR","Ihmir Smith-Marsette"
"NULL","2000-09-28","22","11536","WR","Milton Wright"
"NULL","1994-03-07","27","5779","WR","Blake Jackson"
"NULL","1993-06-29","31","3520","WR","Jay Lee"
"NULL","1993-05-15","29","2588","RB","Malcolm Brown"
"NO","2001-01-10","24","11748","WR","Bub Means"
"NO","1995-01-26","24","5744","WR","Eldridge Massington"
"NE","2001-03-01","24","12412","RB","Terrell Jennings"
"NO","2000-03-30","25","8200","WR","Kevin Austin"
"NULL","1988-07-26","35","886","RB","Taiwan Jones"
"NULL","1985-03-26","35","380","RB","Rashad Jennings"
"LAC","1998-03-09","27","7528","RB","Najee Harris"
"NULL","1987-09-04","33","896","QB","Scott Tolzien"
"PIT","1999-02-28","26","8745","WR","Lance McCutcheon"
"NULL","1997-04-17","26","7319","WR","Jeff Cotton"
"NULL","1994-05-17","27","3840","WR","Max McCaffrey"
"NULL","1992-01-16","29","2686","TE","Khari Lee"
"CAR","1998-06-05","27","8255","RB","Raheem Blackshear"
"NULL","1998-01-09","26","8915","QB","Drew Plitt"
"LV","2001-07-06","24","9482","TE","Michael Mayer"
"NULL","1983-09-21","36","264","WR","Greg Jennings"
"NULL","1992-03-21","32","2639","WR","Tony Jones"
"NULL","1999-01-26","24","8191","WR","Slade Bolden"
"NULL","1989-11-01","27","1256","TE","Michael Egnew"
"PIT","1982-03-02","39","138","QB","Ben Roethlisberger"
"NULL","1995-05-12","26","4526","WR","Krishawn Hogan"
"NULL","1992-11-09","27","2766","RB","Alonzo Harris"
"NULL","1991-01-28","29","1912","RB","Terrance West"
"NULL","1999-11-08","25","11924","QB","Tanner Mordecai"
"NULL","1993-07-28","28","3412","RB","Devon Johnson"
"NULL","2001-04-26","23","11862","TE","Luke Benson"
"NULL","NULL","NULL","6617","WR","Andre Lindsey"
"NULL","1979-05-12","41","169","WR","Steve Smith"
"NULL","1996-01-12","26","6727","WR","Joe Walker"
"NULL","1991-07-06","33","1842","WR","Derrick Johnson"
"NULL","1994-05-20","27","3204","RB","C.J. Prosise"
"NULL","1998-11-26","26","8800","RB","Malik Davis"
"NULL","1983-01-27","35","393","QB","Bruce Gradkowski"
"NULL","1996-11-10","25","7941","RB","Nick Ralston"
"NULL","1996-12-17","28","7337","WR","Easop Winston"
"NULL","1995-02-19","30","4435","TE","Anthony Firkser"
"NULL","1979-06-12","38","5","TE","Dallas Clark"
"NULL","NULL","NULL","6106","RB","Taiwan Deal"
"LAC","2001-08-08","23","12803","WR","Luke Grimm"
"NULL","NULL","NULL","7532","RB","Rakeem Boyd"
"WAS","1999-07-29","26","11558","QB","Sam Hartman"
"NULL","1985-07-04","35","130","WR","Eric Weems"
"NULL","1997-11-16","25","8573","WR","Talolo Limi-Jones"
"NULL","1991-01-27","30","1065","TE","Orson Charles"
"NULL","1990-09-08","30","1477","TE","Mychal Rivera"
"NULL","1999-11-12","24","8239","RB","Ricky Person"
"DEN","1999-10-26","25","10863","WR","A.T. Perry"
"HOU","1999-05-11","26","11969","WR","Xavier Johnson"
"NULL","1990-02-06","31","1290","WR","Jermaine Kearse"
"CHI","2001-01-31","24","10235","RB","Roschon Johnson"
"NULL","1981-07-12","40","248","QB","Luke McCown"
"NULL","1994-11-08","27","4398","RB","De'Veon Smith"
"SF","NULL","NULL","12743","WR","Junior Bergen"
"NULL","1991-03-30","29","2074","WR","Devin Street"
"IND","1995-06-14","30","3155","WR","Laquon Treadwell"
"NULL","NULL","NULL","12278","QB","Jacob Sirmon"
"MIN","2000-09-16","24","8162","QB","Sam Howell"
"CHI","2001-11-18","23","11560","QB","Caleb Williams"
"NULL","1991-11-23","28","2247","WR","Walter Powell"
"NULL","1999-01-28","24","8196","WR","Ty Fryfogle"
"NULL","1993-03-17","31","2927","RB","Keshawn Hill"
"NULL","1990-03-01","30","1247","WR","Griff Whalen"
"CHI","1998-08-07","27","6012","RB","Travis Homer"
"CHI","2001-10-12","23","9490","WR","Tyler Scott"
"NULL","1987-12-25","34","560","WR","Demaryius Thomas"
"NULL","2000-05-19","23","8149","RB","Master Teague"
"NULL","1992-01-14","31","2476","TE","James O'Shaughnessy"
"NULL","1997-02-03","26","5130","WR","Auden Tate"
"NULL","1992-10-30","27","2104","RB","Ka'Deem Carey"
"NULL","1988-04-09","29","1154","WR","Ryan Broyles"
"NULL","1984-05-07","37","181","QB","Drew Stanton"
"NYG","1993-10-21","28","4349","RB","Taquan Mizzell"
"NULL","1987-12-07","32","913","RB","Shaun Draughn"
"NULL","1992-02-17","31","2821","WR","Jake Kumerow"
"NULL","1988-03-17","32","971","TE","Rob Housler"
"LAC","1999-01-02","26","6798","WR","Jalen Reagor"
"NULL","1993-11-29","28","4861","TE","Kent Taylor"
"NULL","1999-01-29","25","8441","WR","Justin Hall"
"NULL","1994-12-07","27","6593","WR","Spencer Schnell"
"NULL","1996-01-30","25","6359","WR","C.J. Worton"
"NULL","1997-01-05","26","7351","WR","Kirk Merritt"
"NULL","1990-07-16","30","1106","RB","Vick Ballard"
"NULL","1993-04-26","28","5588","TE","Paul Butler"
"NULL","1991-01-03","34","2905","WR","Josh Reese"
"NULL","2000-01-10","25","12402","RB","Ramon Jefferson"
"NULL","1991-08-22","26","1867","WR","Jace Davis"
"NULL","1996-11-02","25","7455","WR","John Hurst"
"DET","1996-11-16","28","8041","TE","Shane Zylstra"
"NULL","1990-03-30","30","1765","WR","Myles White"
"NO","1995-07-25","30","4035","RB","Alvin Kamara"
"NULL","1999-11-15","25","11989","RB","D.J. Williams"
"NULL","1991-06-09","29","1441","RB","Kerwynn Williams"
"NULL","1992-10-08","32","2557","QB","Jerry Lovelocke"
"PIT","1998-07-26","27","8756","WR","Brandon Johnson"
"NULL","1997-04-12","24","6036","WR","Ryan Davis"
"NULL","NULL","NULL","6596","QB","Jalan McClendon"
"NULL","1995-04-21","26","3464","WR","Marquez North"
"NULL","1998-01-26","26","7546","WR","Tre Nixon"
"NULL","1992-05-20","29","2836","WR","Kenny Cook"
"LAR","2002-12-29","22","11569","RB","Jarquez Hunter"
"NULL","1990-04-28","30","1544","QB","Sean Renfree"
"NULL","NULL","NULL","5401","WR","Armanti Foreman"
"JAX","2001-03-05","24","12114","WR","Joshua Cephus"
"NULL","1993-03-09","28","4805","WR","Pig Howard"
"NULL","NULL","NULL","11538","RB","Toriano Clinton"
"NULL","1993-08-17","28","3803","RB","Elijhaa Penny"
"NULL","1998-07-13","23","7079","RB","Pete Guerriero"
"NULL","1994-08-26","30","5709","QB","Luis Perez"
"NULL","1992-01-18","28","1906","WR","Jonathan Krause"
"NULL","1996-09-20","25","7015","TE","Jacob Breeland"
"KC","1999-11-04","25","11320","WR","Nikko Remigio"
"NULL","1995-09-15","26","4644","WR","Travis Rudolph"
"NULL","2001-02-27","23","12097","WR","Ayir Asante"
"ARI","2001-09-17","23","11716","TE","Tip Reiman"
"NULL","1994-05-09","27","4719","WR","Chris Thompson"
"NULL","1992-05-30","29","2653","TE","Brian Parker"
"NULL","1994-12-13","29","6753","RB","Derrick Gore"
"NULL","1992-08-27","28","1990","QB","Stephen Morris"
"NULL","1993-08-31","28","6763","WR","Reggie Begelton"
"NULL","NULL","NULL","12166","RB","Trey Potts"
"NULL","1996-06-12","25","6443","QB","Eric Dungey"
"NULL","NULL","NULL","8102","TE","DeShon Williams"
"NO","1995-11-20","29","5113","WR","Cedrick Wilson"
"DAL","1999-10-27","25","11783","WR","Ryan Flournoy"
"NULL","1998-04-27","25","11197","TE","Joel Honigford"
"NULL","1992-12-11","27","2633","RB","Trey Williams"
"NULL","NULL","NULL","8813","WR","Anthony Turner"
"NULL","1997-12-13","26","8421","WR","Mike Harley"
"NULL","1991-02-01","34","2570","WR","Donatella Luckett"
"NULL","1992-11-09","32","3570","RB","Brandon Ross"
"NULL","1991-03-10","26","1409","WR","Justin Brown"
"NULL","NULL","NULL","12551","TE","Colin Granger"
"NULL","1999-12-26","25","11850","WR","Jeff Foreman"
"NULL","1998-07-30","26","6822","QB","Jake Fromm"
"NULL","1998-09-29","24","11419","WR","Kade Warner"
"NULL","1999-04-20","23","8892","WR","Keric Wheatfall"
"NULL","1988-05-28","32","429","WR","Percy Harvin"
"NULL","1999-12-15","25","8140","WR","Justyn Ross"
"NULL","1989-12-28","30","1720","RB","Khiry Robinson"
"NULL","1996-09-25","23","7110","QB","Kelly Bryant"
"NULL","2001-06-20","23","11024","WR","Grant DuBose"
"NULL","1993-04-23","31","3362","QB","Jeff Driskel"
"NULL","1984-03-04","33","241","RB","Spencer Larsen"
"NULL","1994-01-24","27","3253","WR","Leonte Carroo"
"NULL","NULL","NULL","13022","RB","Sone Ntoh"
"NULL","1994-02-07","28","4588","QB","Kyle Sloter"
"BAL","NULL","NULL","4683","QB","Aaron Bailey"
"DAL","1998-09-28","26","10871","TE","Luke Schoonmaker"
"NULL","1997-01-25","24","7309","WR","Siaosi Mariner"
"NULL","1997-08-01","25","6155","WR","Jaylen Smith"
"NULL","2002-07-29","23","13222","WR","Montana Lemonious-Craig"
"NULL","1988-05-29","33","1223","TE","Garrett Celek"
"NULL","1987-07-24","33","936","RB","Matt Asiata"
"GB","1999-05-08","26","11435","RB","Emanuel Wilson"
"NULL","1982-11-24","39","333","QB","Ryan Fitzpatrick"
"CHI","NULL","NULL","12746","WR","JP Richardson"
"NULL","NULL","NULL","12443","TE","Devon Garrison"
"ARI","1992-12-11","32","3257","QB","Jacoby Brissett"
"NULL","2000-04-12","23","11413","RB","Ronnie Brown"
"NULL","1985-11-15","31","2076","WR","L'Damian Washington"
"NULL","1990-01-11","33","1425","TE","Ryan Griffin"
"NULL","1996-09-12","25","5918","RB","Rodney Anderson"
"NULL","NULL","NULL","8242","RB","Shermari Jones"
"NULL","1989-12-02","32","1232","RB","Robert Turbin"
"NULL","1986-05-25","31","68","WR","Mario Manningham"
"NULL","1994-10-06","27","5237","QB","Chad Kanoff"
"HOU","2001-10-03","23","9758","QB","C.J. Stroud"
"NULL","1984-09-25","32","315","TE","Dustin Keller"
"NULL","1993-03-03","31","3199","WR","Michael Thomas"
"ARI","2000-10-27","24","10231","TE","Elijah Higgins"
"NULL","1998-09-18","24","7085","WR","Isaiah Coulter"
"NULL","NULL","NULL","8707","RB","Tayon Fleet-Davis"
"NULL","1994-09-03","27","4186","RB","T.J. Logan"
"NULL","1992-05-08","29","1975","TE","Erik Swoope"
"PIT","1995-07-17","30","4972","QB","Mason Rudolph"
"NULL","2000-06-14","24","12026","RB","Kobe Lewis"
"NULL","NULL","NULL","8124","TE","Player Invalid"
"PHI","2001-12-11","23","13153","WR","Giles Jackson"
"NULL","1988-07-12","30","3106","QB","Jerrod Johnson"
"NULL","2000-02-08","24","11105","WR","Shaquan Davis"
"NULL","1998-08-23","23","8021","WR","Branden Mack"
"NULL","1991-07-09","30","3078","WR","Jamel Johnson"
"NULL","1992-09-29","29","3210","QB","Cardale Jones"
"NULL","1992-11-30","29","3203","WR","Braxton Miller"
"NULL","NULL","NULL","4928","WR","Anas Hasic"
"NULL","1990-12-02","34","1627","WR","Skye Dawson"
"NULL","1985-09-09","38","312","WR","Matthew Slater"
"NULL","1996-05-17","25","7227","RB","Artavis Pierce"
"GB","2002-10-05","22","9227","RB","Israel Abanikanda"
"NULL","NULL","NULL","11222","RB","Marcus Cooper"
"NULL","1997-03-22","24","6592","RB","Dontae Strickland"
"NULL","1999-07-14","25","12237","TE","Lincoln Sefcik"
"NULL","1989-02-27","31","1530","WR","Charles Johnson"
"NULL","1997-08-21","26","6834","TE","Jared Pinkney"
"NULL","1993-06-26","28","3380","WR","Devin Lucien"
"NULL","1999-05-04","26","8185","WR","Johnny Johnson"
"NULL","1996-05-22","25","6384","WR","Justin Sumpter"
"NULL","1987-07-12","31","3914","WR","Dobson Collins"
"NULL","NULL","NULL","12464","RB","Player Invalid"
"CHI","2000-06-21","25","11113","TE","Joel Wilson"
"LAR","1999-06-16","26","12133","WR","Drake Stoops"
"ARI","1998-05-29","27","5970","WR","Greg Dortch"
"NULL","1990-12-10","31","1652","WR","Terrell Sinkfield"
"NULL","1997-05-21","24","5924","WR","Emanuel Hall"
"NULL","1991-10-06","30","3378","QB","Brandon Doughty"
"NULL","1992-11-27","29","2931","WR","Deshon Foxx"
"NULL","1995-12-20","26","5273","RB","Kamryn Pettway"
"NULL","NULL","NULL","12466","QB","Player Invalid"
"NULL","1996-05-16","25","7481","TE","Chase Harrell"
"NULL","1995-01-23","26","5228","QB","J.T. Barrett"
"NULL","1994-02-07","27","3465","TE","Ben Braunecker"
"NYG","2001-01-13","24","12892","WR","Da'Quan Felton"
"NULL","1989-09-10","29","1595","WR","Chris Harper"
"MIN","NULL","NULL","13075","WR","Myles Price"
"NULL","1993-07-29","28","2753","WR","Rasheed Bailey"
"NULL","1991-12-18","30","2412","WR","Justin Hardy"
"NULL","1992-10-19","32","2932","TE","Eric Frohnapfel"
"NULL","1992-06-25","30","2312","WR","Kevin White"
"BUF","1999-07-08","26","6805","WR","KJ Hamler"
"DEN","1999-07-09","26","11433","TE","Nate Adkins"
"NULL","1997-09-22","26","7733","TE","Josh Pederson"
"NULL","1992-12-11","29","4707","RB","Akeem Judd"
"HOU","1999-10-29","25","9502","WR","Tank Dell"
"NULL","2000-06-26","24","11456","WR","Tre'Shaun Harrison"
"NULL","1997-08-24","25","8199","QB","D'Eriq King"
"NULL","NULL","NULL","13014","TE","Pat Conroy"
"NULL","2001-01-23","24","11886","WR","Tulu Griffin"
"WAS","1993-10-30","31","2307","QB","Marcus Mariota"
"WAS","1999-01-21","26","8178","WR","Braylon Sanders"
"NULL","1995-01-18","28","3969","RB","Leonard Fournette"
"NULL","2000-10-07","24","11056","WR","Jared Wayne"
"KC","1989-10-05","35","1466","TE","Travis Kelce"
"NULL","NULL","NULL","11932","QB","Mike DiLiello"
"PIT","NULL","NULL","12975","TE","JJ Galbreath"
"NULL","1994-02-12","27","5612","WR","Anthony Mahoungou"
"NULL","NULL","NULL","12340","TE","Alex Larson"
"TEN","1999-06-16","26","11378","RB","Jordan Mims"
"NYG","1997-01-12","28","6149","WR","Darius Slayton"
"NULL","1991-11-16","28","1868","TE","Crockett Gillmore"
"NULL","1997-05-16","24","6047","WR","Dillon Mitchell"
"NULL","1994-02-25","27","3515","WR","K.J. Maye"
"NULL","1990-12-05","26","1967","QB","Seth Lobato"
"WAS","2000-03-16","25","8214","TE","Cole Turner"
"PHI","NULL","NULL","13145","RB","ShunDerrick Powell"
"NULL","1995-01-19","30","5270","QB","Riley Ferguson"
"NULL","1996-10-21","25","8039","TE","Jibri Blount"
"NULL","1990-06-27","30","1520","TE","Michael Williams"
"NULL","1995-08-22","26","4815","WR","Brian Riley"
"NULL","NULL","NULL","11613","WR","Player Invalid"
"NULL","1995-04-03","29","4149","RB","Jamaal Williams"
"NULL","1991-07-03","31","2214","TE","Cameron Brate"
"NULL","1975-09-25","44","36","QB","Matt Hasselbeck"
"NULL","1989-10-07","28","1060","WR","Tommy Streeter"
"CLE","1995-09-14","29","4017","QB","Deshaun Watson"
"JAX","1995-03-21","30","4464","QB","Nick Mullens"
"LAR","2002-02-02","23","13011","WR","Brennan Presley"
"NULL","1997-01-09","26","5310","WR","Antonio Callaway"
"NULL","1992-08-06","32","2044","WR","Brelan Chancellor"
"NULL","1987-07-25","34","701","TE","Ed Dickson"
"NULL","1991-03-03","30","4768","TE","Adam Zaruba"
"LV","1999-09-18","25","8139","RB","Zamir White"
"HOU","1999-08-18","25","11588","RB","Jawhar Jordan"
"NULL","1992-06-26","29","1849","TE","Jace Amaro"
"NULL","1987-09-16","34","902","WR","Dwayne Harris"
"NULL","1996-09-04","26","7098","RB","Ty'Son Williams"
"NULL","1987-03-23","30","415","WR","Earl Bennett"
"NULL","1998-10-07","24","8632","WR","JaVonta Payton"
"PHI","1998-07-15","27","7809","RB","Avery Williams"
"NULL","1986-08-01","35","365","WR","Mike Wallace"
"SEA","2002-12-13","22","12510","QB","Jalen Milroe"
"NULL","1985-01-11","32","665","QB","Dennis Dixon"
"NULL","1997-10-15","25","8579","QB","Brandon Peters"
"MIA","1992-09-13","32","2505","TE","Darren Waller"
"NULL","1991-08-07","32","2422","TE","Blake Bell"
"LV","2000-03-24","25","11963","RB","Chris Collier"
"NULL","1990-11-04","29","1671","RB","Kendall Gaskins"
"BAL","1992-06-06","33","1426","WR","DeAndre Hopkins"
"NULL","NULL","NULL","11587","RB","Player Invalid"
"NULL","1992-10-24","29","3614","WR","Tommylee Lewis"
"NULL","2000-06-26","24","12218","RB","Jalen Jackson"
"ATL","1999-01-19","26","11114","RB","Elijah Dotson"
"NULL","1994-09-10","29","5220","RB","Godwin Igwebuike"
"NULL","1994-11-02","29","4651","RB","Corey Clement"
"DAL","2000-05-07","25","11034","WR","Jalen Brooks"
"NE","1999-06-09","26","12045","TE","Jack Westover"
"TEN","NULL","NULL","13191","WR","TJ Sheffield"
"NULL","1988-03-20","29","945","WR","Kevin Cone"
"NULL","NULL","NULL","4807","TE","Mike Estes"
"CHI","1996-12-12","28","6451","TE","Stephen Carlson"
"NULL","1984-07-11","36","203","WR","Jacoby Jones"
"TEN","1999-09-08","25","8210","TE","Chig Okonkwo"
"DAL","1997-05-01","28","6151","RB","Miles Sanders"
"LAC","2001-10-16","23","12670","WR","KeAndre Lambert-Smith"
"NULL","1995-02-09","28","4750","WR","Lance Lenoir"
"NULL","1999-07-14","23","11431","RB","Isaiah Bowser"
"NULL","1995-04-22","26","5236","WR","Kyle Lewis"
"BUF","1998-07-15","27","7943","TE","Zach Davidson"
"SEA","NULL","NULL","13034","WR","Tyrone Broden"
"NULL","1995-03-17","26","4996","QB","Kyle Lauletta"
"CHI","2000-06-08","25","11256","QB","Tyson Bagent"
"NULL","1991-10-25","28","2586","QB","Dylan Thompson"
"NULL","1997-03-27","26","6148","WR","Preston Williams"
"NULL","1990-03-19","30","1349","QB","E.J. Manuel"
"NULL","1995-11-28","26","5961","RB","Jalin Moore"
"NULL","1992-11-19","29","3584","WR","Marcus Leak"
"SEA","1994-10-10","30","5086","WR","Marquez Valdes-Scantling"
"DEN","1999-10-14","25","11568","RB","Blake Watson"
"DAL","2002-07-19","23","12851","TE","Rivaldo Fairweather"
"NULL","1988-07-05","32","1158","QB","Kellen Moore"
"MIN","1999-12-22","25","11911","WR","Jeshaun Jones"
"CAR","1994-06-21","23","4490","TE","Wyatt Houston"
"NULL","2000-10-15","24","13161","WR","Zakhari Franklin"
"NULL","1992-10-31","32","2937","WR","Damond Powell"
"NULL","1992-09-30","25","1862","WR","Jalen Saunders"
"NULL","1979-01-15","42","289","QB","Drew Brees"
"NULL","1990-08-17","30","1231","TE","Greg Scruggs"
"NYG","2000-03-09","25","9499","WR","Bryce Ford-Wheaton"
"NULL","1995-08-17","28","6311","RB","Patrick Laird"
"NULL","1992-12-11","27","2772","TE","Mitchell Henry"
"NULL","1985-09-22","34","176","TE","Gary Barnidge"
"NULL","1992-10-22","32","2947","TE","Clay Burton"
"NULL","1994-04-24","30","3391","RB","Dwayne Washington"
"NULL","1987-11-11","34","1262","QB","Alex Tanney"
"NULL","NULL","NULL","8891","WR","Ryan McDaniel"
"NULL","1997-07-06","26","7404","TE","Noah Togiai"
"NYJ","2001-08-03","24","12135","TE","Neal Johnson"
"NULL","NULL","NULL","3031","WR","Arthur Williams"
"NULL","1994-10-01","28","4150","RB","Wayne Gallman"
"NULL","1997-10-08","25","8085","RB","Mekhi Sargent"
"NULL","1992-12-04","32","2996","TE","Logan Stokes"
"NULL","NULL","NULL","13158","TE","Sam Pitz"
"NYJ","1998-12-10","26","7865","WR","Brandon Smith"
"NULL","1994-01-29","27","3780","RB","Cedric O'Neal"
"NULL","1994-10-09","27","4384","TE","Aaron Peck"
"NULL","1993-10-07","28","3280","RB","Tyler Ervin"
"NULL","1998-03-27","27","6989","WR","Marquez Callaway"
"NULL","1988-11-12","31","1236","RB","Joe Banyard"
"NULL","2001-04-15","22","9498","WR","Jadon Haselwood"
"NULL","NULL","NULL","7073","QB","Jake Bentley"
"NULL","1995-09-11","27","8436","WR","Neil Pau'u"
"GB","1998-02-11","27","5850","RB","Josh Jacobs"
"NULL","NULL","NULL","5804","WR","Julian Williams"
"NULL","1986-09-01","31","14","WR","Sidney Rice"
"NULL","1993-07-04","28","2890","WR","George Farmer"
"NULL","1991-07-18","26","1605","WR","Emory Blake"
"SEA","2001-01-08","24","9753","RB","Zach Charbonnet"
"NULL","1991-10-22","33","2838","WR","Trevor Harman"
"LV","2000-02-17","25","12267","WR","Qadir Ismail"
"NULL","NULL","NULL","2502","WR","Bud Sasser"
"NULL","1996-03-13","25","7864","TE","Artayvious Lynn"
"NYJ","2000-01-07","25","11065","QB","Adrian Martinez"
"NULL","1997-07-16","28","5880","WR","Parris Campbell"
"NULL","1989-10-13","35","2933","RB","Corey Knox"
"JAX","1994-11-23","30","4314","TE","Johnny Mundt"
"SF","1998-09-05","26","7527","QB","Mac Jones"
"NULL","1995-05-12","27","6293","RB","Cullen Gillaspia"
"NULL","1987-08-26","33","362","TE","David Johnson"
"NULL","1991-10-11","33","2768","RB","Braylon Heard"
"NULL","1992-05-29","25","2065","RB","Ben Malena"
"NULL","2001-08-08","23","12421","WR","David Wallis"
"ATL","1999-08-12","25","11452","WR","Jesse Matthews"
"DAL","2001-11-02","23","9505","RB","Deuce Vaughn"
"NULL","1989-10-15","34","862","QB","Blaine Gabbert"
"NULL","1992-01-10","30","2892","RB","Rodney Smith"
"NULL","1992-03-15","30","2168","RB","Devonta Freeman"
"NULL","1993-09-16","31","2545","TE","Geoff Swaim"
"NULL","1994-04-19","27","4623","RB","Tim Cook"
"NULL","1996-09-12","25","7157","QB","Josh Love"
"HOU","1998-08-09","26","6126","TE","Irv Smith"
"NULL","1994-04-30","27","3797","WR","Bryce Treggs"
"NULL","1990-10-18","29","1978","WR","Tony Washington"
"HOU","1999-04-14","26","7082","TE","Dalton Keene"
"LV","2002-12-13","22","11604","TE","Brock Bowers"
"IND","2000-12-30","24","12826","RB","Ulysses Bentley"
"WAS","2000-12-18","24","11566","QB","Jayden Daniels"
"NYG","1994-12-18","30","4319","WR","Zach Pascal"
"DET","1996-07-29","29","6588","WR","Tom Kennedy"
"NULL","1988-07-19","30","638","WR","Kyle Williams"
"NULL","1995-01-03","27","4372","RB","Jarveon Williams"
"NULL","1995-04-22","26","4265","RB","Elijah Hood"
"NULL","1988-09-19","31","366","WR","Kenny Britt"
"NULL","1992-02-18","29","2685","WR","Jordan Taylor"
"NULL","1984-05-12","33","143","TE","John Carlson"
"NULL","1991-06-29","29","2049","WR","Javontee Herndon"
"NULL","1989-06-09","28","1772","WR","J Talley"
"NULL","1992-03-20","32","2569","QB","Jake Waters"
"NULL","1988-07-29","32","1655","WR","Kenbrell Thompkins"
"NULL","1993-02-05","32","2920","WR","Jeret Smith"
"NULL","1991-12-20","32","1916","WR","Martavis Bryant"
"NULL","1997-06-17","24","5984","WR","Anthony Ratliff-Williams"
"NULL","1997-05-15","24","7394","WR","Jermiah Braswell"
"NULL","1993-07-05","28","5468","TE","Christian Scotland-Williamson"
"TB","2001-01-24","24","9495","WR","Rakim Jarrett"
"NULL","1991-12-19","26","2969","WR","Michael Bennett"
"BAL","1998-10-06","26","10860","WR","Malik Cunningham"
"NULL","1984-07-30","33","340","RB","Lex Hilliard"
"NULL","1989-05-18","32","1312","WR","Josh Bellamy"
"NULL","1993-01-14","32","2460","TE","C.J. Uzomah"
"NULL","1998-05-09","24","8429","QB","Levi Lewis"
"NULL","1997-10-31","24","7368","WR","Sean Riley"
"NULL","1991-09-13","30","2560","RB","Zach Zenner"
"NULL","1999-04-01","26","8176","WR","Danny Gray"
"NULL","1993-11-19","28","4520","WR","Travin Dural"
"NULL","NULL","NULL","3929","RB","Terry Williams"
"NULL","1993-08-06","28","1971","WR","Donte Moncrief"
"NULL","1997-03-17","25","6088","WR","Bisi Johnson"
"NULL","1994-12-08","27","5255","WR","Teo Redding"
"NULL","1999-11-26","25","12395","WR","Tanner Knue"
"HOU","1996-07-11","29","5001","TE","Dalton Schultz"
"NULL","NULL","NULL","9485","TE","Player Invalid"
"MIA","2003-04-01","22","11643","RB","Jaylen Wright"
"NULL","1983-06-06","37","198","QB","Kellen Clemens"
"NULL","1995-09-12","29","6181","TE","Trevon Wesco"
"NULL","1995-01-11","28","4036","WR","Corey Davis"
"BUF","2000-12-06","24","12658","TE","Jackson Hawes"
"NULL","1980-08-23","37","679","QB","Rex Grossman"
"JAX","1995-10-16","29","5806","QB","John Wolford"
"NULL","1997-04-13","25","8439","WR","Demetris Robertson"
"NULL","1998-09-02","26","11467","TE","John Samuel Shenker"
"NULL","1997-04-02","28","7131","TE","Tyler Davis"
"NULL","NULL","NULL","12324","QB","William Thompson"
"GB","2002-02-11","23","12788","WR","Will Sheppard"
"NULL","1994-07-25","27","5245","TE","Troy Mangen"
"NULL","1980-01-09","40","686","QB","Shaun Hill"
"NULL","1996-12-10","25","7340","WR","Brandon Polk"
"DAL","2001-05-03","24","11506","WR","Jalen Cropper"
"NULL","1995-08-10","29","4029","RB","Dalvin Cook"
"CLE","NULL","NULL","12797","RB","Ahmani Marshall"
"NULL","1998-04-10","24","7890","WR","Javon McKinley"
"HOU","1996-04-04","29","5374","WR","Justin Watson"
"NULL","1993-08-06","27","2231","RB","Tre Mason"
"NULL","1992-08-14","26","3690","WR","Antwane Grant"
"NE","2002-04-11","23","11619","WR","Ja'Lynn Polk"
"NULL","2001-05-04","23","11982","WR","Isaiah Washington"
"MIN","2002-01-27","23","9756","WR","Jordan Addison"
"NULL","1999-02-13","24","7574","RB","Larry Rountree"
"NULL","1989-11-12","32","1097","WR","Kendall Wright"
"NULL","NULL","NULL","5281","QB","Troy Williams"
"NULL","1990-02-01","30","1322","WR","Saalim Hakim"
"CLE","1996-07-10","29","4033","TE","David Njoku"
"NULL","1996-03-07","28","4152","RB","Marlon Mack"
"ARI","2002-12-30","22","12799","WR","Bryson Green"
"NULL","1971-06-22","47","7","QB","Kurt Warner"
"NULL","1992-12-23","29","3497","TE","Darion Griswold"
"NULL","1994-02-03","27","4595","WR","Dontez Ford"
"NULL","1987-12-22","32","866","WR","Cecil Shorts"
"NULL","1995-05-19","26","4360","WR","Fred Ross"
"NULL","1994-10-12","27","4670","WR","Artavis Scott"
"NULL","1993-08-16","28","3564","RB","Tre Madden"
"NULL","1981-10-21","35","300","RB","Willis McGahee"
"NULL","1983-09-23","36","277","TE","Daniel Fells"
"NULL","1983-06-15","38","691","QB","Derek Anderson"
"NULL","1999-03-27","25","9491","WR","Ty Scott"
"NULL","NULL","NULL","5802","WR","Allenzae Staggers"
"CAR","1997-06-03","28","7502","TE","Dominique Dafney"
"NULL","1997-05-30","24","7464","RB","Connor Slomka"
"NULL","1992-10-23","32","2582","QB","Cole Stoudt"
"NULL","1991-12-19","30","2729","RB","Corey Grant"
"NULL","1997-02-02","26","7549","RB","CJ Marable"
"ARI","1997-08-07","28","5849","QB","Kyler Murray"
"CIN","1994-11-12","30","5409","TE","Tanner Hudson"
"NULL","NULL","NULL","12361","QB","Aeneas Dennis"
"NULL","1990-06-17","30","1296","TE","Cory Harkey"
"NYG","2002-12-16","22","12889","WR","Beaux Collins"
"BAL","2000-05-10","25","12256","TE","Baylor Cupp"
"ARI","1997-01-07","28","7233","WR","Andre Baccellia"
"NULL","1987-10-05","34","346","WR","Brandon Tate"
"NULL","1993-03-16","27","2556","RB","Terrence Magee"
"NULL","1987-02-26","34","587","TE","Logan Paulsen"
"NULL","NULL","NULL","7985","TE","Pro Wells"
"NYJ","1998-08-25","26","6960","WR","Tyler Johnson"
"CIN","1999-09-15","25","11068","WR","Mitchell Tinsley"
"NULL","1989-11-25","32","1215","WR","Jarius Wright"
"NULL","1988-05-26","29","541","WR","Damian Williams"
"NULL","1996-02-09","27","4252","WR","Isaiah Ford"
"IND","1997-10-05","27","6819","WR","Michael Pittman"
"NULL","1993-02-22","28","3300","RB","DeAndre Washington"
"BUF","1999-11-11","25","11575","RB","Ray Davis"
"NULL","1998-03-30","23","7334","WR","Earnest Edwards"
"NULL","1992-05-14","29","3917","WR","Kendal Thompson"
"NULL","2000-02-11","24","11245","TE","Patrick Murtagh"
"NULL","1991-05-10","29","1263","RB","Bernard Pierce"
"NULL","1991-04-09","29","1573","RB","Zac Stacy"
"NO","1996-09-13","28","7002","TE","Juwan Johnson"
"TB","2002-05-18","23","12485","WR","Tez Johnson"
"LAC","1999-01-19","26","8885","TE","Tucker Fisk"
"NULL","1997-06-20","24","6549","WR","Damion Willis"
"NULL","1993-04-10","29","3895","WR","Marvin Hall"
"CIN","2001-06-28","24","11640","WR","Jermaine Burton"
"NULL","1982-10-22","37","310","TE","Heath Miller"
"NULL","NULL","NULL","11284","WR","Cody Chrest"
"DAL","2002-10-24","22","12738","RB","Phil Mafah"
"NULL","1996-01-27","29","6387","WR","Nsimba Webster"
"NULL","1993-02-01","32","3402","RB","Zac Brooks"
"NULL","1995-01-27","26","5670","TE","Nick DeLuca"
"NULL","1989-11-06","29","516","TE","Aaron Hernandez"
"NULL","NULL","NULL","11585","RB","Player Invalid"
"NULL","1999-10-31","23","9496","WR","Sam James"
"NULL","1989-02-14","32","1061","WR","Deonte Thompson"
"NULL","NULL","NULL","6691","RB","Ray Gene smith"
"NULL","1988-09-27","33","1807","QB","Matt Simms"
"NULL","1994-02-01","27","4139","WR","Amara Darboh"
"NULL","1997-02-07","24","7217","WR","Trevontae Hights"
"NULL","1996-03-27","25","7475","RB","Napoleon Maxwell"
"NULL","1992-03-03","29","3596","TE","Kivon Cartwright"
"WAS","2000-02-29","25","11070","WR","Kazmeir Allen"
"PIT","1997-12-14","27","5846","WR","DK Metcalf"
"NULL","1995-12-09","26","6468","WR","Matthew Eaton"
"NYJ","2001-05-31","24","8155","RB","Breece Hall"
"NULL","1998-10-14","24","8175","WR","Reggie Roberson"
"NULL","1991-10-24","33","2934","WR","Jonathon Rumph"
"BUF","1998-10-05","26","6814","WR","Laviska Shenault"
"NULL","1992-10-20","29","1892","RB","Jeremy Hill"
"NULL","1997-01-15","26","6939","WR","Binjimen Victor"
"NULL","1996-11-03","25","7172","RB","Mikey Daniel"
"NULL","1991-01-21","26","2788","WR","Nick Harwell"
"NULL","1992-06-02","25","2217","WR","Robert Herron"
"NULL","NULL","NULL","8422","RB","Player Invalid"
"NULL","1985-03-02","35","179","RB","Reggie Bush"
"CIN","2001-12-07","23","12760","WR","Rashod Owens"
"NULL","1994-10-06","27","4320","WR","James Quick"
"NULL","1980-06-18","41","322","TE","Antonio Gates"
"NULL","1992-03-29","32","2576","QB","Cody Fajardo"
"NULL","1992-10-28","32","2870","TE","Ray Hamilton"
"NULL","1993-02-01","28","3893","WR","Reece Horn"
"NULL","1994-05-06","27","4411","WR","R.J. Shelton"
"DET","NULL","NULL","12935","WR","Jakobie Keeney-James"
"NULL","2000-05-13","24","11913","WR","Devron Harper"
"NULL","1983-09-08","34","308","WR","JohnnieLee Higgins"
"DET","1998-11-12","23","6992","RB","Michael Warren"
"PIT","2002-08-26","22","12972","WR","Roc Taylor"
"WAS","1997-11-06","27","7716","TE","John Bates"
"NULL","1993-05-24","31","2325","WR","Nelson Agholor"
"NULL","1990-03-15","32","1567","WR","Tavon Austin"
"NULL","1987-04-04","33","984","TE","Konrad Reuland"
"NULL","1994-08-29","27","5597","QB","Brogan Roback"
"NULL","1998-08-04","26","7135","WR","Freddie Swain"
"NULL","1996-06-26","27","6139","TE","Jace Sternberger"
"NULL","1998-10-23","23","7401","WR","Khalil Tate"
"NULL","1993-11-03","31","3630","WR","Durron Neal"
"NULL","1993-08-22","28","2598","RB","Terrell Watson"
"CIN","2001-06-26","24","12762","QB","Payton Thorne"
"NULL","1993-01-30","32","2730","RB","Kenneth Harper"
"NULL","1983-10-30","33","739","QB","Trent Edwards"
"NULL","1992-03-11","29","2604","WR","Manasseh Garner"
"NULL","1992-11-10","29","3729","WR","Herb Waters"
"NULL","1991-05-28","33","2962","WR","Zach D'Orazio"
"CHI","NULL","NULL","5638","WR","Shaq Roland"
"NULL","1989-05-03","32","165","TE","Brandon Bostick"
"NULL","1995-12-17","27","8038","TE","Nick Guggemos"
"NULL","1999-09-17","25","12433","QB","Ben Bryant"
"NULL","2001-10-22","23","13125","RB","Micah Bernard"
"NULL","1993-12-15","29","4647","TE","Colin Thompson"
"NULL","1993-08-06","28","3834","WR","K.J. Brent"
"NULL","1997-08-22","26","8166","WR","Dontario Drummond"
"NULL","NULL","NULL","8128","TE","Player Invalid"
"IND","1997-05-15","28","6427","WR","Ashton Dulin"
"LAR","NULL","NULL","13005","TE","Anthony Torres"
"DEN","1998-12-17","26","6806","RB","J.K. Dobbins"
"NULL","1995-12-09","26","5278","RB","Jarvion Franklin"
"NULL","2000-10-01","24","11962","WR","Tayvion Robinson"
"NULL","1999-06-19","23","7560","RB","Pooka Williams"
"IND","1999-01-19","26","6813","RB","Jonathan Taylor"
"NE","2002-08-30","22","11564","QB","Drake Maye"
"KC","NULL","NULL","13194","WR","Key'Shawn Smith"
"NULL","1994-11-02","28","3306","RB","Jordan Howard"
"NULL","NULL","NULL","8581","WR","Trevon Bradford"
"NULL","1995-07-24","26","4779","WR","Bra'Lon Cherry"
"NULL","1988-03-28","32","958","WR","Joe Morgan"
"PHI","1998-05-02","27","6828","RB","A.J. Dillon"
"NULL","1986-06-13","31","804","WR","Clyde Gates"
"NE","1997-10-11","27","8840","TE","Cole Fotheringham"
"NULL","NULL","NULL","7545","WR","Marlon Williams"
"NULL","1996-07-21","25","5873","WR","Riley Ridley"
"NULL","1990-02-12","30","1985","TE","Marcel Jensen"
"NULL","1992-11-10","29","4494","WR","Alonzo Moore"
"NULL","1997-02-07","24","7424","RB","Anthony Jones"
"NULL","1995-11-19","29","5124","QB","Alex McGough"
"NULL","1995-03-15","28","4741","TE","Dan Arnold"
"NULL","1996-12-15","25","7080","WR","Omar Bayless"
"NULL","1996-11-25","25","6713","WR","Jamarius Way"
"TB","1998-12-06","26","11415","TE","Tanner Taula"
"NULL","NULL","NULL","12074","WR","Talik Keaton"
"NYJ","NULL","NULL","13143","WR","Dymere Miller"
"NULL","1998-01-04","25","6913","WR","Joe Reed"
"NULL","2000-12-16","24","12129","WR","Jalon Calhoun"
"TB","2000-02-02","25","11820","TE","Devin Culp"
"NULL","1990-09-22","29","1449","RB","Denard Robinson"
"NULL","NULL","NULL","8216","QB","Player Invalid"
"DAL","2000-04-25","25","7588","RB","Javonte Williams"
"NULL","1990-11-11","27","3948","WR","Andrew Opoku"
"NULL","1989-11-18","28","1130","RB","Cyrus Gray"
"NULL","1996-04-13","28","5000","RB","Chase Edmonds"
"NULL","1989-06-01","28","1313","WR","Michael Preston"
"NULL","1993-06-04","28","3717","QB","Joe Callahan"
"NULL","1993-07-19","28","4727","WR","Mitchell Paige"
"NULL","1998-04-08","26","8757","TE","Rodney Williams"
"NULL","1998-09-15","24","7741","RB","Caleb Huntley"
"NULL","1992-02-15","28","2621","RB","Terron Ward"
"NULL","1988-09-21","29","1152","TE","Evan Rodriguez"
"NULL","1998-08-03","26","11115","WR","Terrell Bynum"
"NULL","1995-03-10","27","4998","WR","DaeSean Hamilton"
"HOU","2000-06-12","25","11599","TE","Cade Stover"
"NULL","1995-10-12","26","4243","WR","Malachi Dupre"
"KC","2000-08-07","25","8188","WR","Tyquan Thornton"
"NULL","1996-06-08","26","5241","WR","Christian Blake"
"NULL","1992-06-28","29","2602","WR","Darius Jennings"
"SEA","1994-11-06","23","4936","QB","Skyler Howard"
"NULL","1986-11-22","33","339","WR","Brian Hartline"
"NULL","1993-07-22","28","3506","TE","Ryan Malleck"
"NULL","1998-05-21","24","7091","WR","Aaron Parker"
"NULL","2000-11-04","22","9759","WR","C.J. Johnson"
"LV","1993-01-05","32","2334","WR","Phillip Dorsett"
"NULL","1991-11-25","30","1987","WR","Marqise Lee"
"NULL","1993-04-12","27","2345","WR","Dorial Green-Beckham"
"NULL","1994-04-10","24","3684","WR","Derek Keaton"
"NULL","1999-12-05","25","12189","WR","Xavier White"
"NULL","NULL","NULL","2971","TE","Anthony Ezeakunne"
"NULL","NULL","NULL","8231","RB","Player Invalid"
"NULL","1990-11-22","31","1126","QB","Brock Osweiler"
"NULL","1999-06-23","24","11192","WR","Malik Flowers"
"LAR","1999-01-08","26","6865","TE","Colby Parkinson"
"NULL","1992-01-03","30","3957","QB","Blake Sims"
"NULL","1997-09-19","25","8876","WR","Kevin Kassis"
"NULL","1984-03-31","36","253","WR","James Jones"
"NULL","1987-07-25","31","586","QB","Mike Kafka"
"NYJ","2003-02-25","22","12515","RB","Donovan Edwards"
"NULL","1984-09-21","35","286","WR","Dwayne Bowe"
"BUF","1995-11-09","29","6233","TE","Matt Sokol"
"NULL","NULL","NULL","11530","WR","Nick Williams"
"SEA","2000-03-03","25","10216","RB","Kenny McIntosh"
"NULL","2002-04-04","23","12859","RB","Nate Noel"
"NULL","1991-09-15","33","2910","WR","Tyler Rutenbeck"
"NULL","1996-04-25","27","6231","QB","John Lovett"
"KC","2003-02-18","22","12505","WR","Jalen Royals"
"NULL","1993-01-05","29","4917","RB","Daryl Virgies"
"GB","2003-08-01","22","12501","WR","Matthew Golden"
"WAS","1994-01-20","27","3309","RB","Wendell Smallwood"
"NULL","1994-01-26","29","3242","RB","Kenyan Drake"
"NULL","1999-03-29","23","8721","RB","De'Montre Tuggle"
"NULL","1993-12-06","28","5697","RB","Zach Olstad"
"NULL","1994-06-23","27","4787","WR","Jordan Westerkamp"
"NULL","1984-08-24","33","278","QB","Kevin Kolb"
"NULL","NULL","NULL","6978","RB","Reggie Corbin"
"NULL","NULL","NULL","6700","RB","Marcelias Sutton"
"NULL","1997-10-06","24","6832","WR","Kalija Lipscomb"
"NULL","1997-09-10","25","7038","RB","Darius Anderson"
"NULL","1994-10-18","27","4401","WR","Damore'ea Stringfellow"
"NULL","1999-07-11","24","11283","RB","Darius Hagans"
"NULL","1994-12-24","27","6372","RB","Xavier Turner"
"NULL","1990-11-05","26","1473","TE","Nick Kasa"
"NULL","1999-04-09","25","8058","RB","Nate McCrary"
"NULL","1989-12-29","32","1077","WR","Travis Benjamin"
"NULL","1993-12-01","28","3371","RB","Darius Jackson"
"NULL","1991-07-01","33","2251","TE","Logan Thomas"
"WAS","1996-01-06","29","4234","WR","Noah Brown"
"NULL","1997-12-07","25","11223","WR","John Hall"
"NULL","NULL","NULL","6643","WR","Charles Holland"
"NULL","1993-11-20","28","5567","WR","Janarion Grant"
"NULL","1993-08-01","28","4504","RB","John Robinson-Woodgett"
"NULL","1989-02-01","32","1185","RB","Travaris Cadet"
"NULL","1996-04-03","25","5385","TE","Alec Bloom"
"NULL","1980-12-18","41","663","TE","Benjamin Watson"
"NULL","1990-09-24","31","4910","WR","Quincy McDuffie"
"NULL","1989-08-09","32","918","TE","Niles Paul"
"NULL","1995-07-12","29","6744","WR","Greg Ward"
